timestamp,id,type,name,result,content
1607539735677,"fa1bbe47-e5a4-476a-9fa5-e3f1e78a7513","task","acquirePhoneGeolocation","OK","{""took"":11367,""emitted"":""geolocationAcquired"",""invokedBy"":""taskExecutionStarted"",""outcome"":{""type"":""geolocation"",""latitude"":40.061165,""longitude"":-0.1387077,""altitude"":234.1,""verticalAccuracy"":40.049,""change"":""none"",""speed"":0,""timestamp"":""2020-12-09T18:48:56.875Z"",""direction"":0,""horizontalAccuracy"":40.049}}"
1607539747313,"711efe80-1dbd-49b0-8a26-84c35feae65c","task","checkAreaOfInterestProximity","OK","{""took"":49,""emitted"":""movedCloseToAreaOfInterest"",""invokedBy"":""geolocationAcquired"",""outcome"":[{""type"":""aoi-proximity-change"",""change"":""start"",""timestamp"":""2020-12-09T18:49:07.362Z"",""proximity"":""nearby"",""aoi"":{""name"":""Plaza del alcalde Andreu"",""latitude"":40.05989,""longitude"":-0.13769656,""radius"":30,""level"":null,""id"":""plaza-alcalde"",""category"":null}}]}"
1607539808754,"8db62f1b-0f56-44c5-9af9-fd94ec6e687c","task","acquireMultiplePhoneGeolocation","OK","{""took"":50055,""emitted"":""geolocationAcquired"",""invokedBy"":""taskExecutionStarted"",""outcome"":[{""type"":""geolocation"",""latitude"":40.061195,""longitude"":-0.1387866,""altitude"":234.1,""verticalAccuracy"":27.633,""change"":""none"",""speed"":0.0116763525,""timestamp"":""2020-12-09T18:49:07.005Z"",""direction"":296.6809,""horizontalAccuracy"":27.633},{""type"":""geolocation"",""latitude"":40.060402,""longitude"":-0.1386735,""altitude"":236.6,""verticalAccuracy"":30.054,""change"":""none"",""speed"":0,""timestamp"":""2020-12-09T18:50:19.877Z"",""direction"":0,""horizontalAccuracy"":30.054},{""type"":""geolocation"",""latitude"":40.06037,""longitude"":-0.1386795,""altitude"":236.6,""verticalAccuracy"":31.714,""change"":""none"",""speed"":0.0095284125,""timestamp"":""2020-12-09T18:50:29.858Z"",""direction"":188.32643,""horizontalAccuracy"":31.714},{""type"":""geolocation"",""latitude"":40.060493,""longitude"":-0.1385012,""altitude"":236.70001,""verticalAccuracy"":22.979,""change"":""none"",""speed"":1.0487884,""timestamp"":""2020-12-09T18:50:39.920Z"",""direction"":52.73872,""horizontalAccuracy"":22.979},{""type"":""geolocation"",""latitude"":40.060535,""longitude"":-0.1384214,""altitude"":236.8,""verticalAccuracy"":18.634,""change"":""none"",""speed"":0.9441089,""timestamp"":""2020-12-09T18:50:49.831Z"",""direction"":53.729763,""horizontalAccuracy"":18.634}]}"
1607539859044,"53a28452-5986-414a-a731-d1f0705a0203","task","checkAreaOfInterestProximity","OK","{""took"":71,""emitted"":""checkAreaOfInterestProximityFinished"",""invokedBy"":""geolocationAcquired"",""outcome"":null}"
1607539868856,"1e0b58cb-e70c-4515-ae64-da94a5aa197c","task","acquirePhoneGeolocation","OK","{""took"":11136,""emitted"":""geolocationAcquired"",""invokedBy"":""taskExecutionStarted"",""outcome"":{""type"":""geolocation"",""latitude"":40.06051,""longitude"":-0.1382055,""altitude"":237.90001,""verticalAccuracy"":20.106,""change"":""none"",""speed"":0,""timestamp"":""2020-12-09T18:51:09.899Z"",""direction"":0,""horizontalAccuracy"":20.106}}"
1607539868875,"546ea264-4256-48ed-bb06-ba8db741d466","task","acquireMultiplePhoneGeolocation","OK","{""took"":50051,""emitted"":""geolocationAcquired"",""invokedBy"":""taskExecutionStarted"",""outcome"":[{""type"":""geolocation"",""latitude"":40.06051,""longitude"":-0.1382055,""altitude"":237.90001,""verticalAccuracy"":20.106,""change"":""none"",""speed"":0,""timestamp"":""2020-12-09T18:51:09.899Z"",""direction"":0,""horizontalAccuracy"":20.106},{""type"":""geolocation"",""latitude"":40.060524,""longitude"":-0.1381581,""altitude"":237.90001,""verticalAccuracy"":18.83,""change"":""none"",""speed"":0.37425315,""timestamp"":""2020-12-09T18:51:19.937Z"",""direction"":67.300545,""horizontalAccuracy"":18.83},{""type"":""geolocation"",""latitude"":40.060516,""longitude"":-0.1381441,""altitude"":237.90001,""verticalAccuracy"":23.349,""change"":""none"",""speed"":0.2055637,""timestamp"":""2020-12-09T18:51:29.976Z"",""direction"":89.34491,""horizontalAccuracy"":23.349},{""type"":""geolocation"",""latitude"":40.0605,""longitude"":-0.1380558,""altitude"":237.90001,""verticalAccuracy"":41.795,""change"":""none"",""speed"":0.47090587,""timestamp"":""2020-12-09T18:51:40.008Z"",""direction"":100.05219,""horizontalAccuracy"":41.795},{""type"":""geolocation"",""latitude"":40.060425,""longitude"":-0.1379263,""altitude"":237.90001,""verticalAccuracy"":34.305,""change"":""none"",""speed"":0.79591584,""timestamp"":""2020-12-09T18:51:50.067Z"",""direction"":117.33066,""horizontalAccuracy"":34.305}]}"
1607539880225,"d90c959f-e3db-44b3-8fde-8bc28d39a87d","task","checkAreaOfInterestProximity","OK","{""took"":18,""emitted"":""checkAreaOfInterestProximityFinished"",""invokedBy"":""geolocationAcquired"",""outcome"":null}"
1607539919192,"ff23e344-1115-4a75-aa60-6c1ad6473b2d","task","checkAreaOfInterestProximity","OK","{""took"":67,""emitted"":""checkAreaOfInterestProximityFinished"",""invokedBy"":""geolocationAcquired"",""outcome"":null}"
1607539929129,"cc0f3290-f283-4247-9c83-2991e3581df1","task","acquireMultiplePhoneGeolocation","OK","{""took"":50062,""emitted"":""geolocationAcquired"",""invokedBy"":""taskExecutionStarted"",""outcome"":[{""type"":""geolocation"",""latitude"":40.060146,""longitude"":-0.1378168,""altitude"":239.40001,""verticalAccuracy"":19.256,""change"":""none"",""speed"":0,""timestamp"":""2020-12-09T18:52:10.050Z"",""direction"":0,""horizontalAccuracy"":19.256},{""type"":""geolocation"",""latitude"":40.060062,""longitude"":-0.1377518,""altitude"":239.40001,""verticalAccuracy"":20.759,""change"":""none"",""speed"":0.06839798,""timestamp"":""2020-12-09T18:52:20.246Z"",""direction"":148.72952,""horizontalAccuracy"":20.759},{""type"":""geolocation"",""latitude"":40.060017,""longitude"":-0.1376954,""altitude"":239.1,""verticalAccuracy"":18.356,""change"":""none"",""speed"":0.6193213,""timestamp"":""2020-12-09T18:52:30.237Z"",""direction"":138.57066,""horizontalAccuracy"":18.356},{""type"":""geolocation"",""latitude"":40.059994,""longitude"":-0.1377439,""altitude"":239.40001,""verticalAccuracy"":17.749,""change"":""none"",""speed"":0.33566523,""timestamp"":""2020-12-09T18:52:40.297Z"",""direction"":197.68422,""horizontalAccuracy"":17.749},{""type"":""geolocation"",""latitude"":40.059982,""longitude"":-0.1377078,""altitude"":239.5,""verticalAccuracy"":16.424,""change"":""none"",""speed"":0.24417269,""timestamp"":""2020-12-09T18:52:50.298Z"",""direction"":153.38554,""horizontalAccuracy"":16.424}]}"
1607539979473,"59427bde-5aef-4d07-b4fb-01958494450c","task","checkAreaOfInterestProximity","OK","{""took"":72,""emitted"":""movedInsideAreaOfInterest"",""invokedBy"":""geolocationAcquired"",""outcome"":[{""type"":""aoi-proximity-change"",""change"":""start"",""timestamp"":""2020-12-09T18:52:59.545Z"",""proximity"":""inside"",""aoi"":{""name"":""Plaza del alcalde Andreu"",""latitude"":40.05989,""longitude"":-0.13769656,""radius"":30,""level"":null,""id"":""plaza-alcalde"",""category"":null}}]}"
1607539979743,"a68b61b5-104f-4633-8d60-419979a446a9","task","sendNotification","OK","{""took"":186,""emitted"":""sendNotificationFinished"",""invokedBy"":""movedInsideAreaOfInterest"",""outcome"":{}}"
1607539989157,"929a6315-0889-4782-9a43-60ad9f194171","task","acquirePhoneGeolocation","OK","{""took"":11133,""emitted"":""geolocationAcquired"",""invokedBy"":""taskExecutionStarted"",""outcome"":{""type"":""geolocation"",""latitude"":40.059982,""longitude"":-0.1376933,""altitude"":239.5,""verticalAccuracy"":16.224,""change"":""none"",""speed"":0,""timestamp"":""2020-12-09T18:53:10.167Z"",""direction"":0,""horizontalAccuracy"":16.224}}"
1607539989166,"356ea0f9-96ee-4de8-bbe3-08a296d15170","task","acquireMultiplePhoneGeolocation","OK","{""took"":50053,""emitted"":""geolocationAcquired"",""invokedBy"":""taskExecutionStarted"",""outcome"":[{""type"":""geolocation"",""latitude"":40.059982,""longitude"":-0.1376933,""altitude"":239.5,""verticalAccuracy"":16.224,""change"":""none"",""speed"":0,""timestamp"":""2020-12-09T18:53:10.167Z"",""direction"":0,""horizontalAccuracy"":16.224},{""type"":""geolocation"",""latitude"":40.05998,""longitude"":-0.1377088,""altitude"":239.5,""verticalAccuracy"":18.396,""change"":""none"",""speed"":0.0119467825,""timestamp"":""2020-12-09T18:53:20.247Z"",""direction"":254.64365,""horizontalAccuracy"":18.396},{""type"":""geolocation"",""latitude"":40.059986,""longitude"":-0.1377221,""altitude"":239.5,""verticalAccuracy"":19.09,""change"":""none"",""speed"":0.14884251,""timestamp"":""2020-12-09T18:53:28.577Z"",""direction"":304.0208,""horizontalAccuracy"":19.09},{""type"":""geolocation"",""latitude"":40.060017,""longitude"":-0.1377177,""altitude"":239.40001,""verticalAccuracy"":22.364,""change"":""none"",""speed"":0.41207102,""timestamp"":""2020-12-09T18:53:35.246Z"",""direction"":1.5610803,""horizontalAccuracy"":22.364},{""type"":""geolocation"",""latitude"":40.06004,""longitude"":-0.1377426,""altitude"":239.40001,""verticalAccuracy"":24.186,""change"":""none"",""speed"":0.33277625,""timestamp"":""2020-12-09T18:53:45.406Z"",""direction"":329.49866,""horizontalAccuracy"":24.186}]}"
1607540000530,"69cf0a78-bdc9-41f4-9f40-7c6dcb0cf16c","task","checkAreaOfInterestProximity","OK","{""took"":17,""emitted"":""checkAreaOfInterestProximityFinished"",""invokedBy"":""geolocationAcquired"",""outcome"":null}"
1607540039533,"16628bec-1129-4169-bb3f-136ea70a0abe","task","checkAreaOfInterestProximity","OK","{""took"":54,""emitted"":""checkAreaOfInterestProximityFinished"",""invokedBy"":""geolocationAcquired"",""outcome"":null}"
1607540049317,"32987d5d-858a-4a3b-944d-622e7be68a0f","task","acquireMultiplePhoneGeolocation","OK","{""took"":50045,""emitted"":""geolocationAcquired"",""invokedBy"":""taskExecutionStarted"",""outcome"":[{""type"":""geolocation"",""latitude"":40.059944,""longitude"":-0.1377155,""altitude"":239.5,""verticalAccuracy"":23.684,""change"":""none"",""speed"":0,""timestamp"":""2020-12-09T18:54:10.396Z"",""direction"":0,""horizontalAccuracy"":23.684},{""type"":""geolocation"",""latitude"":40.059933,""longitude"":-0.1377214,""altitude"":239.5,""verticalAccuracy"":24.459,""change"":""none"",""speed"":0.0045695854,""timestamp"":""2020-12-09T18:54:18.378Z"",""direction"":202.47559,""horizontalAccuracy"":24.459},{""type"":""geolocation"",""latitude"":40.059925,""longitude"":-0.1377269,""altitude"":239.5,""verticalAccuracy"":25.862,""change"":""none"",""speed"":0.1200467,""timestamp"":""2020-12-09T18:54:25.397Z"",""direction"":206.47437,""horizontalAccuracy"":25.862},{""type"":""geolocation"",""latitude"":40.059925,""longitude"":-0.1377259,""altitude"":239.5,""verticalAccuracy"":25.13,""change"":""none"",""speed"":0.0040175794,""timestamp"":""2020-12-09T18:54:35.567Z"",""direction"":232.88675,""horizontalAccuracy"":25.13},{""type"":""geolocation"",""latitude"":40.059944,""longitude"":-0.1377108,""altitude"":239.5,""verticalAccuracy"":22.196,""change"":""none"",""speed"":0.19382617,""timestamp"":""2020-12-09T18:54:45.506Z"",""direction"":30.754484,""horizontalAccuracy"":22.196}]}"
1607540099686,"4f8098d1-eb36-450d-887e-5c05d3eb868e","task","checkAreaOfInterestProximity","OK","{""took"":52,""emitted"":""checkAreaOfInterestProximityFinished"",""invokedBy"":""geolocationAcquired"",""outcome"":null}"
1607540109368,"aeea6b5b-d83d-4097-a1c9-eeee45b0eb65","task","sendNotification","OK","{""took"":27,""emitted"":""sendNotificationFinished"",""invokedBy"":""taskExecutionStarted"",""outcome"":{}}"
1607540109553,"83d88529-46de-45bb-9488-d153135d5afb","task","acquirePhoneGeolocation","OK","{""took"":16143,""emitted"":""geolocationAcquired"",""invokedBy"":""taskExecutionStarted"",""outcome"":{""type"":""geolocation"",""latitude"":40.059963,""longitude"":-0.1377028,""altitude"":239.5,""verticalAccuracy"":21.913,""change"":""none"",""speed"":0.0011015632,""timestamp"":""2020-12-09T18:55:25.603Z"",""direction"":235.5306,""horizontalAccuracy"":21.913}}"
1607540109562,"14309ff8-c72a-413f-8bbc-03b8623f2a71","task","acquireMultiplePhoneGeolocation","OK","{""took"":50025,""emitted"":""geolocationAcquired"",""invokedBy"":""taskExecutionStarted"",""outcome"":[{""type"":""geolocation"",""latitude"":40.059963,""longitude"":-0.1376969,""altitude"":239.5,""verticalAccuracy"":21.311,""change"":""none"",""speed"":0,""timestamp"":""2020-12-09T18:55:10.527Z"",""direction"":0,""horizontalAccuracy"":21.311},{""type"":""geolocation"",""latitude"":40.059963,""longitude"":-0.1377027,""altitude"":239.5,""verticalAccuracy"":21.913,""change"":""none"",""speed"":0.002240475,""timestamp"":""2020-12-09T18:55:17.463Z"",""direction"":235.5306,""horizontalAccuracy"":21.913},{""type"":""geolocation"",""latitude"":40.05996,""longitude"":-0.1377088,""altitude"":239.5,""verticalAccuracy"":21.533,""change"":""none"",""speed"":0.04598109,""timestamp"":""2020-12-09T18:55:35.596Z"",""direction"":261.0492,""horizontalAccuracy"":21.533},{""type"":""geolocation"",""latitude"":40.059948,""longitude"":-0.1377173,""altitude"":239.5,""verticalAccuracy"":22.279,""change"":""none"",""speed"":0.122802734,""timestamp"":""2020-12-09T18:55:45.714Z"",""direction"":212.84451,""horizontalAccuracy"":22.279},{""type"":""geolocation"",""latitude"":40.059948,""longitude"":-0.1377185,""altitude"":239.5,""verticalAccuracy"":22.279,""change"":""none"",""speed"":0.043881875,""timestamp"":""2020-12-09T18:55:55.708Z"",""direction"":208.12657,""horizontalAccuracy"":22.279}]}"
1607540125956,"572e5cd0-6521-44dd-99f2-922636a7f1bb","task","checkAreaOfInterestProximity","OK","{""took"":17,""emitted"":""checkAreaOfInterestProximityFinished"",""invokedBy"":""geolocationAcquired"",""outcome"":null}"
1607540134629,"980ccf62-1e54-42de-b49f-b32234767f85","event","questionsAnswered","OK","{""type"":""questionnaire-answers"",""change"":""none"",""timestamp"":""2020-12-09T18:55:34.430Z"",""answers"":[{""title"":""From 1 to 10, how anxious do you feel?"",""answer"":3,""millisecondsToAnswer"":21366}]}"
1607540159912,"c72259b8-b131-4449-bc88-be98fa24fcbf","task","checkAreaOfInterestProximity","OK","{""took"":52,""emitted"":""checkAreaOfInterestProximityFinished"",""invokedBy"":""geolocationAcquired"",""outcome"":null}"
1607540169531,"3669fde3-29ac-460c-8185-215633d9f0a9","task","acquireMultiplePhoneGeolocation","OK","{""took"":50058,""emitted"":""geolocationAcquired"",""invokedBy"":""taskExecutionStarted"",""outcome"":[{""type"":""geolocation"",""latitude"":40.059944,""longitude"":-0.1377327,""altitude"":239.5,""verticalAccuracy"":24.649,""change"":""none"",""speed"":0.009598644,""timestamp"":""2020-12-09T18:56:10.586Z"",""direction"":243.89708,""horizontalAccuracy"":24.649},{""type"":""geolocation"",""latitude"":40.059948,""longitude"":-0.1377302,""altitude"":239.5,""verticalAccuracy"":25.283,""change"":""none"",""speed"":0.0395624,""timestamp"":""2020-12-09T18:56:20.595Z"",""direction"":26.78652,""horizontalAccuracy"":25.283},{""type"":""geolocation"",""latitude"":40.05995,""longitude"":-0.1377244,""altitude"":239.5,""verticalAccuracy"":21.964,""change"":""none"",""speed"":0.081725344,""timestamp"":""2020-12-09T18:56:30.472Z"",""direction"":31.986258,""horizontalAccuracy"":21.964},{""type"":""geolocation"",""latitude"":40.059937,""longitude"":-0.1377512,""altitude"":239.5,""verticalAccuracy"":24.394,""change"":""none"",""speed"":0.21846934,""timestamp"":""2020-12-09T18:56:40.634Z"",""direction"":233.3926,""horizontalAccuracy"":24.394},{""type"":""geolocation"",""latitude"":40.059925,""longitude"":-0.1377496,""altitude"":239.5,""verticalAccuracy"":26.592,""change"":""none"",""speed"":0.14931126,""timestamp"":""2020-12-09T18:56:50.637Z"",""direction"":190.22694,""horizontalAccuracy"":26.592}]}"
1607540220035,"c9bd27cc-eb9f-4bfc-919c-bcb8682d1f6a","task","checkAreaOfInterestProximity","OK","{""took"":54,""emitted"":""checkAreaOfInterestProximityFinished"",""invokedBy"":""geolocationAcquired"",""outcome"":null}"
1607540229628,"8540dfed-d301-4ae7-8ab3-d54a8795254b","task","sendNotification","OK","{""took"":29,""emitted"":""sendNotificationFinished"",""invokedBy"":""taskExecutionStarted"",""outcome"":{}}"
1607540229879,"e98a0d11-3cc0-4756-89a4-9e6b6653b878","task","acquirePhoneGeolocation","OK","{""took"":11128,""emitted"":""geolocationAcquired"",""invokedBy"":""taskExecutionStarted"",""outcome"":{""type"":""geolocation"",""latitude"":40.059925,""longitude"":-0.1377461,""altitude"":239.5,""verticalAccuracy"":26.592,""change"":""none"",""speed"":0,""timestamp"":""2020-12-09T18:57:10.906Z"",""direction"":0,""horizontalAccuracy"":26.592}}"
1607540229888,"81abc4d4-47e7-4981-abca-793b916acb68","task","acquireMultiplePhoneGeolocation","OK","{""took"":50045,""emitted"":""geolocationAcquired"",""invokedBy"":""taskExecutionStarted"",""outcome"":[{""type"":""geolocation"",""latitude"":40.059925,""longitude"":-0.1377461,""altitude"":239.5,""verticalAccuracy"":26.592,""change"":""none"",""speed"":0,""timestamp"":""2020-12-09T18:57:10.906Z"",""direction"":0,""horizontalAccuracy"":26.592},{""type"":""geolocation"",""latitude"":40.059933,""longitude"":-0.1376974,""altitude"":239.5,""verticalAccuracy"":24.598,""change"":""none"",""speed"":0.014687719,""timestamp"":""2020-12-09T18:57:20.960Z"",""direction"":75.384,""horizontalAccuracy"":24.598},{""type"":""geolocation"",""latitude"":40.059933,""longitude"":-0.1377412,""altitude"":239.5,""verticalAccuracy"":24.999,""change"":""none"",""speed"":0.330445,""timestamp"":""2020-12-09T18:57:30.912Z"",""direction"":268.40594,""horizontalAccuracy"":24.999},{""type"":""geolocation"",""latitude"":40.059925,""longitude"":-0.1377462,""altitude"":239.5,""verticalAccuracy"":26.414,""change"":""none"",""speed"":0.11736147,""timestamp"":""2020-12-09T18:57:40.978Z"",""direction"":240.5808,""horizontalAccuracy"":26.414},{""type"":""geolocation"",""latitude"":40.05993,""longitude"":-0.1377569,""altitude"":239.5,""verticalAccuracy"":27.618,""change"":""none"",""speed"":0.09732295,""timestamp"":""2020-12-09T18:57:50.986Z"",""direction"":285.50742,""horizontalAccuracy"":27.618}]}"
1607540241337,"ef041814-b479-46cc-9c0c-a74590582ce0","task","checkAreaOfInterestProximity","OK","{""took"":16,""emitted"":""checkAreaOfInterestProximityFinished"",""invokedBy"":""geolocationAcquired"",""outcome"":null}"
1607540248069,"800360f0-11d3-4337-a4e6-caff48377e8a","event","questionsAnswered","OK","{""type"":""questionnaire-answers"",""change"":""none"",""timestamp"":""2020-12-09T18:57:27.924Z"",""answers"":[{""title"":""From 1 to 10, how anxious do you feel?"",""answer"":5,""millisecondsToAnswer"":12964}]}"
1607540280378,"e5be90e3-d1bd-4acf-a04e-5a25cf6cffe3","task","checkAreaOfInterestProximity","OK","{""took"":52,""emitted"":""checkAreaOfInterestProximityFinished"",""invokedBy"":""geolocationAcquired"",""outcome"":null}"
1607540289807,"ff2b200e-6bef-4f7c-bdb8-2ebdd931576e","task","acquireMultiplePhoneGeolocation","OK","{""took"":50045,""emitted"":""geolocationAcquired"",""invokedBy"":""taskExecutionStarted"",""outcome"":[{""type"":""geolocation"",""latitude"":40.059933,""longitude"":-0.1377589,""altitude"":239.5,""verticalAccuracy"":25.204,""change"":""none"",""speed"":0,""timestamp"":""2020-12-09T18:58:10.825Z"",""direction"":0,""horizontalAccuracy"":25.204},{""type"":""geolocation"",""latitude"":40.05995,""longitude"":-0.1377459,""altitude"":239.5,""verticalAccuracy"":21.315,""change"":""none"",""speed"":0.008324083,""timestamp"":""2020-12-09T18:58:20.879Z"",""direction"":30.384687,""horizontalAccuracy"":21.315},{""type"":""geolocation"",""latitude"":40.059956,""longitude"":-0.1377136,""altitude"":239.5,""verticalAccuracy"":21.237,""change"":""none"",""speed"":0.25655535,""timestamp"":""2020-12-09T18:58:30.777Z"",""direction"":80.19639,""horizontalAccuracy"":21.237},{""type"":""geolocation"",""latitude"":40.059944,""longitude"":-0.1377083,""altitude"":239.5,""verticalAccuracy"":23.292,""change"":""none"",""speed"":0.11180488,""timestamp"":""2020-12-09T18:58:40.917Z"",""direction"":132.95659,""horizontalAccuracy"":23.292},{""type"":""geolocation"",""latitude"":40.059944,""longitude"":-0.1377217,""altitude"":239.5,""verticalAccuracy"":23.452,""change"":""none"",""speed"":0.0757828,""timestamp"":""2020-12-09T18:58:50.897Z"",""direction"":259.75812,""horizontalAccuracy"":23.452}]}"
1607540340278,"cc22a0a1-a1d1-4090-915b-ec04dff54e48","task","checkAreaOfInterestProximity","OK","{""took"":53,""emitted"":""checkAreaOfInterestProximityFinished"",""invokedBy"":""geolocationAcquired"",""outcome"":null}"
1607540349938,"3d3a284c-d723-4f41-b656-6e48da9936b1","task","sendNotification","OK","{""took"":24,""emitted"":""sendNotificationFinished"",""invokedBy"":""taskExecutionStarted"",""outcome"":{}}"
1607540350213,"276ee6ef-bfe8-4c3c-a792-5aad80c7a3be","task","acquirePhoneGeolocation","OK","{""took"":11119,""emitted"":""geolocationAcquired"",""invokedBy"":""taskExecutionStarted"",""outcome"":{""type"":""geolocation"",""latitude"":40.05994,""longitude"":-0.137749,""altitude"":239.5,""verticalAccuracy"":23.589,""change"":""none"",""speed"":0,""timestamp"":""2020-12-09T18:59:11.235Z"",""direction"":0,""horizontalAccuracy"":23.589}}"
1607540350223,"379b5b2b-35ad-4b62-8b67-5aa971ca5942","task","acquireMultiplePhoneGeolocation","OK","{""took"":50043,""emitted"":""geolocationAcquired"",""invokedBy"":""taskExecutionStarted"",""outcome"":[{""type"":""geolocation"",""latitude"":40.05994,""longitude"":-0.137749,""altitude"":239.5,""verticalAccuracy"":23.589,""change"":""none"",""speed"":0,""timestamp"":""2020-12-09T18:59:11.235Z"",""direction"":0,""horizontalAccuracy"":23.589},{""type"":""geolocation"",""latitude"":40.059948,""longitude"":-0.1377162,""altitude"":239.5,""verticalAccuracy"":22.96,""change"":""none"",""speed"":0.24069338,""timestamp"":""2020-12-09T18:59:21.264Z"",""direction"":70.86048,""horizontalAccuracy"":22.96},{""type"":""geolocation"",""latitude"":40.059937,""longitude"":-0.1377159,""altitude"":239.5,""verticalAccuracy"":23.532,""change"":""none"",""speed"":0.006791475,""timestamp"":""2020-12-09T18:59:31.337Z"",""direction"":197.76483,""horizontalAccuracy"":23.532},{""type"":""geolocation"",""latitude"":40.05994,""longitude"":-0.1377265,""altitude"":239.5,""verticalAccuracy"":48.9,""change"":""none"",""speed"":0.08134849,""timestamp"":""2020-12-09T18:59:41.273Z"",""direction"":277.43036,""horizontalAccuracy"":48.9},{""type"":""geolocation"",""latitude"":40.059937,""longitude"":-0.1377555,""altitude"":239.5,""verticalAccuracy"":56.1,""change"":""none"",""speed"":0.21292576,""timestamp"":""2020-12-09T18:59:49.298Z"",""direction"":267.3123,""horizontalAccuracy"":56.1}]}"
1607540361726,"59b1a1f3-dc65-44af-80bd-12bddd4171dd","task","checkAreaOfInterestProximity","OK","{""took"":16,""emitted"":""checkAreaOfInterestProximityFinished"",""invokedBy"":""geolocationAcquired"",""outcome"":null}"
1607540366767,"30ca51e3-d239-4f4c-97be-91f3a4ac634d","event","questionsAnswered","OK","{""type"":""questionnaire-answers"",""change"":""none"",""timestamp"":""2020-12-09T18:59:26.574Z"",""answers"":[{""title"":""From 1 to 10, how anxious do you feel?"",""answer"":7,""millisecondsToAnswer"":12824}]}"
1607540400717,"5ea5194c-b611-4d14-86d9-9a822b70d147","task","checkAreaOfInterestProximity","OK","{""took"":123,""emitted"":""checkAreaOfInterestProximityFinished"",""invokedBy"":""geolocationAcquired"",""outcome"":null}"
1607540410045,"5b99b18c-4e78-4979-9223-f95d589ec3db","task","acquireMultiplePhoneGeolocation","OK","{""took"":50047,""emitted"":""geolocationAcquired"",""invokedBy"":""taskExecutionStarted"",""outcome"":[{""type"":""geolocation"",""latitude"":40.05995,""longitude"":-0.1377257,""altitude"":239.5,""verticalAccuracy"":21.876,""change"":""none"",""speed"":0,""timestamp"":""2020-12-09T19:00:11.037Z"",""direction"":0,""horizontalAccuracy"":21.876},{""type"":""geolocation"",""latitude"":40.05994,""longitude"":-0.1377506,""altitude"":239.5,""verticalAccuracy"":25.026,""change"":""none"",""speed"":0.01326614,""timestamp"":""2020-12-09T19:00:21.138Z"",""direction"":233.0646,""horizontalAccuracy"":25.026},{""type"":""geolocation"",""latitude"":40.05994,""longitude"":-0.1377587,""altitude"":239.5,""verticalAccuracy"":24.579,""change"":""none"",""speed"":0.0627815,""timestamp"":""2020-12-09T19:00:31.136Z"",""direction"":275.95908,""horizontalAccuracy"":24.579},{""type"":""geolocation"",""latitude"":40.05994,""longitude"":-0.1377609,""altitude"":239.5,""verticalAccuracy"":24.579,""change"":""none"",""speed"":0.029048936,""timestamp"":""2020-12-09T19:00:41.157Z"",""direction"":286.37946,""horizontalAccuracy"":24.579},{""type"":""geolocation"",""latitude"":40.059925,""longitude"":-0.1377691,""altitude"":239.5,""verticalAccuracy"":25.12,""change"":""none"",""speed"":0.13155866,""timestamp"":""2020-12-09T19:00:51.126Z"",""direction"":207.70186,""horizontalAccuracy"":25.12}]}"
1607540460715,"58d12309-271b-448e-ab18-a16250d3c799","task","checkAreaOfInterestProximity","OK","{""took"":50,""emitted"":""checkAreaOfInterestProximityFinished"",""invokedBy"":""geolocationAcquired"",""outcome"":null}"
1607540470111,"65ae4fdc-b9b7-4f36-b4f0-51e102c5cdee","task","sendNotification","OK","{""took"":27,""emitted"":""sendNotificationFinished"",""invokedBy"":""taskExecutionStarted"",""outcome"":{}}"
1607540470490,"198e3231-052e-4458-9fda-4a6c07ecb8c5","task","acquirePhoneGeolocation","OK","{""took"":16120,""emitted"":""geolocationAcquired"",""invokedBy"":""taskExecutionStarted"",""outcome"":{""type"":""geolocation"",""latitude"":40.059937,""longitude"":-0.1377199,""altitude"":239.5,""verticalAccuracy"":23.381,""change"":""none"",""speed"":0.075859174,""timestamp"":""2020-12-09T19:01:26.520Z"",""direction"":233.19016,""horizontalAccuracy"":23.381}}"
1607540470502,"02ac5711-6da8-4cef-a109-16bc10937998","task","acquireMultiplePhoneGeolocation","OK","{""took"":50028,""emitted"":""geolocationAcquired"",""invokedBy"":""taskExecutionStarted"",""outcome"":[{""type"":""geolocation"",""latitude"":40.059906,""longitude"":-0.1377382,""altitude"":239.5,""verticalAccuracy"":26.356,""change"":""none"",""speed"":0,""timestamp"":""2020-12-09T19:01:11.557Z"",""direction"":0,""horizontalAccuracy"":26.356},{""type"":""geolocation"",""latitude"":40.05994,""longitude"":-0.1377131,""altitude"":239.5,""verticalAccuracy"":23.815,""change"":""none"",""speed"":0.010187372,""timestamp"":""2020-12-09T19:01:18.560Z"",""direction"":31.25855,""horizontalAccuracy"":23.815},{""type"":""geolocation"",""latitude"":40.05994,""longitude"":-0.1377272,""altitude"":239.5,""verticalAccuracy"":23.008,""change"":""none"",""speed"":0.06797315,""timestamp"":""2020-12-09T19:01:36.657Z"",""direction"":301.48218,""horizontalAccuracy"":23.008},{""type"":""geolocation"",""latitude"":40.059948,""longitude"":-0.1377179,""altitude"":239.5,""verticalAccuracy"":21.831,""change"":""none"",""speed"":0.10744161,""timestamp"":""2020-12-09T19:01:46.617Z"",""direction"":34.69421,""horizontalAccuracy"":21.831},{""type"":""geolocation"",""latitude"":40.059956,""longitude"":-0.1377171,""altitude"":239.5,""verticalAccuracy"":20.951,""change"":""none"",""speed"":0.063380435,""timestamp"":""2020-12-09T19:01:56.626Z"",""direction"":6.150208,""horizontalAccuracy"":20.951}]}"
1607540484411,"32a8a417-8352-45b9-9375-d3525bf2a714","event","questionsAnswered","OK","{""type"":""questionnaire-answers"",""change"":""none"",""timestamp"":""2020-12-09T19:01:24.227Z"",""answers"":[{""title"":""From 1 to 10, how anxious do you feel?"",""answer"":7,""millisecondsToAnswer"":11254}]}"
1607540487034,"a8bed990-0fec-40a7-b19d-ffc5fad0b595","task","checkAreaOfInterestProximity","OK","{""took"":16,""emitted"":""checkAreaOfInterestProximityFinished"",""invokedBy"":""geolocationAcquired"",""outcome"":null}"
1607540521028,"cd0ca42b-f17b-4686-9db1-aedc4069a17e","task","checkAreaOfInterestProximity","OK","{""took"":50,""emitted"":""checkAreaOfInterestProximityFinished"",""invokedBy"":""geolocationAcquired"",""outcome"":null}"
1607540530245,"10dbe3cc-67b7-4c4b-97ff-a2c3a8571010","task","acquireMultiplePhoneGeolocation","OK","{""took"":50039,""emitted"":""geolocationAcquired"",""invokedBy"":""taskExecutionStarted"",""outcome"":[{""type"":""geolocation"",""latitude"":40.059948,""longitude"":-0.1376949,""altitude"":239.5,""verticalAccuracy"":21.761,""change"":""none"",""speed"":0.015472154,""timestamp"":""2020-12-09T19:02:11.266Z"",""direction"":108.80872,""horizontalAccuracy"":21.761},{""type"":""geolocation"",""latitude"":40.05995,""longitude"":-0.1377025,""altitude"":239.5,""verticalAccuracy"":20.831,""change"":""none"",""speed"":0.08236445,""timestamp"":""2020-12-09T19:02:21.317Z"",""direction"":316.3729,""horizontalAccuracy"":20.831},{""type"":""geolocation"",""latitude"":40.059956,""longitude"":-0.1377271,""altitude"":239.5,""verticalAccuracy"":19.623,""change"":""none"",""speed"":0.19947422,""timestamp"":""2020-12-09T19:02:30.838Z"",""direction"":277.37393,""horizontalAccuracy"":19.623},{""type"":""geolocation"",""latitude"":40.059967,""longitude"":-0.1376974,""altitude"":239.5,""verticalAccuracy"":18.519,""change"":""none"",""speed"":0.20234644,""timestamp"":""2020-12-09T19:02:41.358Z"",""direction"":57.313404,""horizontalAccuracy"":18.519},{""type"":""geolocation"",""latitude"":40.059963,""longitude"":-0.1376872,""altitude"":239.5,""verticalAccuracy"":20.238,""change"":""none"",""speed"":0.10388489,""timestamp"":""2020-12-09T19:02:50.937Z"",""direction"":96.72712,""horizontalAccuracy"":20.238}]}"
1607540580798,"86e9e150-78b0-403e-ad71-aa73da192eff","task","checkAreaOfInterestProximity","OK","{""took"":49,""emitted"":""checkAreaOfInterestProximityFinished"",""invokedBy"":""geolocationAcquired"",""outcome"":null}"
1607540590457,"8346f07a-7df7-4aee-bb08-baba350b4145","task","sendNotification","OK","{""took"":36,""emitted"":""sendNotificationFinished"",""invokedBy"":""taskExecutionStarted"",""outcome"":{}}"
1607540590909,"d5ecc3d3-ead9-4672-96ed-411afa8f0c89","task","acquirePhoneGeolocation","OK","{""took"":11118,""emitted"":""geolocationAcquired"",""invokedBy"":""taskExecutionStarted"",""outcome"":{""type"":""geolocation"",""latitude"":40.059967,""longitude"":-0.1376828,""altitude"":239.5,""verticalAccuracy"":19.664,""change"":""none"",""speed"":0,""timestamp"":""2020-12-09T19:03:11.935Z"",""direction"":0,""horizontalAccuracy"":19.664}}"
1607540590921,"26731911-f97d-4e13-858e-f00f1c196049","task","acquireMultiplePhoneGeolocation","OK","{""took"":50041,""emitted"":""geolocationAcquired"",""invokedBy"":""taskExecutionStarted"",""outcome"":[{""type"":""geolocation"",""latitude"":40.059967,""longitude"":-0.1376828,""altitude"":239.5,""verticalAccuracy"":19.664,""change"":""none"",""speed"":0,""timestamp"":""2020-12-09T19:03:11.935Z"",""direction"":0,""horizontalAccuracy"":19.664},{""type"":""geolocation"",""latitude"":40.05996,""longitude"":-0.1376874,""altitude"":239.5,""verticalAccuracy"":21.16,""change"":""none"",""speed"":0.0061917165,""timestamp"":""2020-12-09T19:03:21.993Z"",""direction"":202.93834,""horizontalAccuracy"":21.16},{""type"":""geolocation"",""latitude"":40.059948,""longitude"":-0.1376921,""altitude"":239.5,""verticalAccuracy"":21.276,""change"":""none"",""speed"":0.11132237,""timestamp"":""2020-12-09T19:03:30.961Z"",""direction"":200.61163,""horizontalAccuracy"":21.276},{""type"":""geolocation"",""latitude"":40.05995,""longitude"":-0.1376955,""altitude"":239.5,""verticalAccuracy"":20.578,""change"":""none"",""speed"":0.023023063,""timestamp"":""2020-12-09T19:03:41.975Z"",""direction"":286.2966,""horizontalAccuracy"":20.578},{""type"":""geolocation"",""latitude"":40.05995,""longitude"":-0.1377124,""altitude"":239.5,""verticalAccuracy"":19.783,""change"":""none"",""speed"":0.120780654,""timestamp"":""2020-12-09T19:03:51.976Z"",""direction"":271.27258,""horizontalAccuracy"":19.783}]}"
1607540602529,"4a028741-6e21-4215-a478-e00b116df19b","task","checkAreaOfInterestProximity","OK","{""took"":15,""emitted"":""checkAreaOfInterestProximityFinished"",""invokedBy"":""geolocationAcquired"",""outcome"":null}"
1607540604240,"4fce1c23-551a-44cb-8dc4-fb71b59ef10f","event","questionsAnswered","OK","{""type"":""questionnaire-answers"",""change"":""none"",""timestamp"":""2020-12-09T19:03:24.060Z"",""answers"":[{""title"":""From 1 to 10, how anxious do you feel?"",""answer"":6,""millisecondsToAnswer"":9971}]}"
1607540641535,"a323ec75-7ae9-4320-9d7f-03692bc92a21","task","checkAreaOfInterestProximity","OK","{""took"":50,""emitted"":""checkAreaOfInterestProximityFinished"",""invokedBy"":""geolocationAcquired"",""outcome"":null}"
1607540650481,"ae5e407a-a7ac-40c2-b447-7bb84d896b4b","task","acquireMultiplePhoneGeolocation","OK","{""took"":50042,""emitted"":""geolocationAcquired"",""invokedBy"":""taskExecutionStarted"",""outcome"":[{""type"":""geolocation"",""latitude"":40.059967,""longitude"":-0.1376903,""altitude"":239.5,""verticalAccuracy"":18.727,""change"":""none"",""speed"":0,""timestamp"":""2020-12-09T19:04:11.496Z"",""direction"":0,""horizontalAccuracy"":18.727},{""type"":""geolocation"",""latitude"":40.05997,""longitude"":-0.137682,""altitude"":239.5,""verticalAccuracy"":19.024,""change"":""none"",""speed"":0.006208571,""timestamp"":""2020-12-09T19:04:21.522Z"",""direction"":49.453583,""horizontalAccuracy"":19.024},{""type"":""geolocation"",""latitude"":40.05996,""longitude"":-0.1377167,""altitude"":239.5,""verticalAccuracy"":19.394,""change"":""none"",""speed"":0.30046436,""timestamp"":""2020-12-09T19:04:31.495Z"",""direction"":245.43596,""horizontalAccuracy"":19.394},{""type"":""geolocation"",""latitude"":40.05996,""longitude"":-0.1377216,""altitude"":239.5,""verticalAccuracy"":19.394,""change"":""none"",""speed"":0.08783983,""timestamp"":""2020-12-09T19:04:41.577Z"",""direction"":245.37003,""horizontalAccuracy"":19.394},{""type"":""geolocation"",""latitude"":40.05996,""longitude"":-0.1377147,""altitude"":239.5,""verticalAccuracy"":19.62,""change"":""none"",""speed"":0.03754559,""timestamp"":""2020-12-09T19:04:50.976Z"",""direction"":92.94881,""horizontalAccuracy"":19.62}]}"
1607540701055,"802edd4b-c90c-4f51-9a10-e108eec246ea","task","checkAreaOfInterestProximity","OK","{""took"":50,""emitted"":""checkAreaOfInterestProximityFinished"",""invokedBy"":""geolocationAcquired"",""outcome"":null}"
1607540710685,"c27640d1-454e-468d-90fe-3b5d1479b068","task","sendNotification","OK","{""took"":25,""emitted"":""sendNotificationFinished"",""invokedBy"":""taskExecutionStarted"",""outcome"":{}}"
1607540711167,"5a2ce836-08e2-4e23-8f7c-5f1ab78060f5","task","acquirePhoneGeolocation","OK","{""took"":21082,""emitted"":""geolocationAcquired"",""invokedBy"":""taskExecutionStarted"",""outcome"":{""type"":""geolocation"",""latitude"":40.059956,""longitude"":-0.13771,""altitude"":239.5,""verticalAccuracy"":20.839,""change"":""none"",""speed"":0.12366995,""timestamp"":""2020-12-09T19:05:22.152Z"",""direction"":56.68561,""horizontalAccuracy"":20.839}}"
1607540711178,"48fb8161-7927-430c-ba94-59a3b0f3791c","task","acquireMultiplePhoneGeolocation","OK","{""took"":50051,""emitted"":""geolocationAcquired"",""invokedBy"":""taskExecutionStarted"",""outcome"":[{""type"":""geolocation"",""latitude"":40.059948,""longitude"":-0.1377244,""altitude"":239.5,""verticalAccuracy"":21.491,""change"":""none"",""speed"":0,""timestamp"":""2020-12-09T19:05:12.185Z"",""direction"":0,""horizontalAccuracy"":21.491},{""type"":""geolocation"",""latitude"":40.059956,""longitude"":-0.13771,""altitude"":239.5,""verticalAccuracy"":20.839,""change"":""none"",""speed"":0.12366995,""timestamp"":""2020-12-09T19:05:22.152Z"",""direction"":56.68561,""horizontalAccuracy"":20.839},{""type"":""geolocation"",""latitude"":40.059956,""longitude"":-0.1377114,""altitude"":239.5,""verticalAccuracy"":20.839,""change"":""none"",""speed"":0.012762084,""timestamp"":""2020-12-09T19:05:32.281Z"",""direction"":35.486195,""horizontalAccuracy"":20.839},{""type"":""geolocation"",""latitude"":40.059956,""longitude"":-0.1377071,""altitude"":239.5,""verticalAccuracy"":20.254,""change"":""none"",""speed"":0.041379593,""timestamp"":""2020-12-09T19:05:42.256Z"",""direction"":50.31124,""horizontalAccuracy"":20.254},{""type"":""geolocation"",""latitude"":40.05996,""longitude"":-0.1377117,""altitude"":239.5,""verticalAccuracy"":19.869,""change"":""none"",""speed"":0.04027763,""timestamp"":""2020-12-09T19:05:52.265Z"",""direction"":317.6123,""horizontalAccuracy"":19.869}]}"
1607540720175,"e80d9e7b-fd7e-4e48-8ad3-04691d63a883","event","questionsAnswered","OK","{""type"":""questionnaire-answers"",""change"":""none"",""timestamp"":""2020-12-09T19:05:20.002Z"",""answers"":[{""title"":""From 1 to 10, how anxious do you feel?"",""answer"":6,""millisecondsToAnswer"":6606}]}"
1607540732799,"6921b8df-f5ea-4b5a-a51f-257759a6325f","task","checkAreaOfInterestProximity","OK","{""took"":16,""emitted"":""checkAreaOfInterestProximityFinished"",""invokedBy"":""geolocationAcquired"",""outcome"":null}"
1607540761843,"7cbfa08b-de81-42b7-8dea-d8f98ecb0597","task","checkAreaOfInterestProximity","OK","{""took"":55,""emitted"":""checkAreaOfInterestProximityFinished"",""invokedBy"":""geolocationAcquired"",""outcome"":null}"
1607540770720,"1a6c3ca5-dceb-45ac-abfc-56704277f7a6","task","acquireMultiplePhoneGeolocation","OK","{""took"":50039,""emitted"":""geolocationAcquired"",""invokedBy"":""taskExecutionStarted"",""outcome"":[{""type"":""geolocation"",""latitude"":40.059963,""longitude"":-0.1377129,""altitude"":239.5,""verticalAccuracy"":19.537,""change"":""none"",""speed"":0,""timestamp"":""2020-12-09T19:06:11.787Z"",""direction"":0,""horizontalAccuracy"":19.537},{""type"":""geolocation"",""latitude"":40.059956,""longitude"":-0.1377219,""altitude"":239.5,""verticalAccuracy"":20.63,""change"":""none"",""speed"":0.103339665,""timestamp"":""2020-12-09T19:06:21.660Z"",""direction"":220.5602,""horizontalAccuracy"":20.63},{""type"":""geolocation"",""latitude"":40.05996,""longitude"":-0.1377187,""altitude"":239.5,""verticalAccuracy"":20.057,""change"":""none"",""speed"":0.024930485,""timestamp"":""2020-12-09T19:06:31.786Z"",""direction"":27.939413,""horizontalAccuracy"":20.057},{""type"":""geolocation"",""latitude"":40.05995,""longitude"":-0.1376946,""altitude"":239.5,""verticalAccuracy"":21.539,""change"":""none"",""speed"":0.17909333,""timestamp"":""2020-12-09T19:06:41.767Z"",""direction"":105.72333,""horizontalAccuracy"":21.539},{""type"":""geolocation"",""latitude"":40.059948,""longitude"":-0.1376893,""altitude"":239.5,""verticalAccuracy"":21.627,""change"":""none"",""speed"":0.09639082,""timestamp"":""2020-12-09T19:06:49.617Z"",""direction"":137.32878,""horizontalAccuracy"":21.627}]}"
1607540821540,"c1978727-1c9b-43a3-a540-564bbf0a3e57","task","checkAreaOfInterestProximity","OK","{""took"":51,""emitted"":""checkAreaOfInterestProximityFinished"",""invokedBy"":""geolocationAcquired"",""outcome"":null}"
1607540830881,"b92d9ac6-25a6-461f-bef0-3714c71520bd","task","sendNotification","OK","{""took"":26,""emitted"":""sendNotificationFinished"",""invokedBy"":""taskExecutionStarted"",""outcome"":{}}"
1607540831395,"1f4afd6f-a8b5-4084-9244-e27005fb043f","task","acquirePhoneGeolocation","OK","{""took"":18502,""emitted"":""geolocationAcquired"",""invokedBy"":""taskExecutionStarted"",""outcome"":{""type"":""geolocation"",""latitude"":40.05994,""longitude"":-0.1377306,""altitude"":239.5,""verticalAccuracy"":20.868,""change"":""none"",""speed"":0.19758949,""timestamp"":""2020-12-09T19:07:29.808Z"",""direction"":273.79486,""horizontalAccuracy"":20.868}}"
1607540831407,"8ef08392-c5f3-4f33-b198-7787d846711f","task","acquireMultiplePhoneGeolocation","OK","{""took"":50027,""emitted"":""geolocationAcquired"",""invokedBy"":""taskExecutionStarted"",""outcome"":[{""type"":""geolocation"",""latitude"":40.059937,""longitude"":-0.1377082,""altitude"":239.5,""verticalAccuracy"":22.416,""change"":""none"",""speed"":0,""timestamp"":""2020-12-09T19:07:12.418Z"",""direction"":0,""horizontalAccuracy"":22.416},{""type"":""geolocation"",""latitude"":40.059937,""longitude"":-0.1377041,""altitude"":239.5,""verticalAccuracy"":22.155,""change"":""none"",""speed"":0.0015639972,""timestamp"":""2020-12-09T19:07:19.373Z"",""direction"":48.25806,""horizontalAccuracy"":22.155},{""type"":""geolocation"",""latitude"":40.059956,""longitude"":-0.1377139,""altitude"":239.5,""verticalAccuracy"":21.136,""change"":""none"",""speed"":0.22589336,""timestamp"":""2020-12-09T19:07:37.522Z"",""direction"":24.47018,""horizontalAccuracy"":21.136},{""type"":""geolocation"",""latitude"":40.05995,""longitude"":-0.1376957,""altitude"":239.5,""verticalAccuracy"":22.042,""change"":""none"",""speed"":0.14553453,""timestamp"":""2020-12-09T19:07:47.548Z"",""direction"":98.92301,""horizontalAccuracy"":22.042},{""type"":""geolocation"",""latitude"":40.059944,""longitude"":-0.1376879,""altitude"":239.5,""verticalAccuracy"":23.306,""change"":""none"",""speed"":0.103297874,""timestamp"":""2020-12-09T19:07:57.569Z"",""direction"":128.6348,""horizontalAccuracy"":23.306}]}"
1607540842476,"6d6d14a9-5cd7-48fd-8fcd-d381a374e95c","event","questionsAnswered","OK","{""type"":""questionnaire-answers"",""change"":""none"",""timestamp"":""2020-12-09T19:07:22.315Z"",""answers"":[{""title"":""From 1 to 10, how anxious do you feel?"",""answer"":5,""millisecondsToAnswer"":8343}]}"
1607540850451,"15397a94-d988-42c0-ba92-cac70d814a27","task","checkAreaOfInterestProximity","OK","{""took"":16,""emitted"":""checkAreaOfInterestProximityFinished"",""invokedBy"":""geolocationAcquired"",""outcome"":null}"
1607540882100,"6644f853-dd20-473d-ad76-cf236ce28dc5","task","checkAreaOfInterestProximity","OK","{""took"":50,""emitted"":""checkAreaOfInterestProximityFinished"",""invokedBy"":""geolocationAcquired"",""outcome"":null}"
1607540890910,"c4b56580-d610-46a5-9964-b82177c05187","task","acquireMultiplePhoneGeolocation","OK","{""took"":50037,""emitted"":""geolocationAcquired"",""invokedBy"":""taskExecutionStarted"",""outcome"":[{""type"":""geolocation"",""latitude"":40.059944,""longitude"":-0.137696,""altitude"":239.5,""verticalAccuracy"":22.902,""change"":""none"",""speed"":0.035938974,""timestamp"":""2020-12-09T19:08:11.917Z"",""direction"":254.10979,""horizontalAccuracy"":22.902},{""type"":""geolocation"",""latitude"":40.059937,""longitude"":-0.1377085,""altitude"":239.5,""verticalAccuracy"":23.086,""change"":""none"",""speed"":0.10405963,""timestamp"":""2020-12-09T19:08:21.946Z"",""direction"":242.11061,""horizontalAccuracy"":23.086},{""type"":""geolocation"",""latitude"":40.059948,""longitude"":-0.1377163,""altitude"":239.5,""verticalAccuracy"":26.726,""change"":""none"",""speed"":0.11036551,""timestamp"":""2020-12-09T19:08:31.987Z"",""direction"":320.0787,""horizontalAccuracy"":26.726},{""type"":""geolocation"",""latitude"":40.059948,""longitude"":-0.1377205,""altitude"":239.5,""verticalAccuracy"":27.566,""change"":""none"",""speed"":0.049577564,""timestamp"":""2020-12-09T19:08:42.016Z"",""direction"":297.40677,""horizontalAccuracy"":27.566},{""type"":""geolocation"",""latitude"":40.05997,""longitude"":-0.1376992,""altitude"":239.5,""verticalAccuracy"":27.746,""change"":""none"",""speed"":0.21682595,""timestamp"":""2020-12-09T19:08:52.228Z"",""direction"":35.562912,""horizontalAccuracy"":27.746}]}"
1607540941632,"4800e2af-f8f6-4f52-a0d7-ea25293813a9","task","checkAreaOfInterestProximity","OK","{""took"":51,""emitted"":""checkAreaOfInterestProximityFinished"",""invokedBy"":""geolocationAcquired"",""outcome"":null}"
1607540951059,"3f863b60-dbd8-4df7-a24a-7a8e2360007c","task","sendNotification","OK","{""took"":23,""emitted"":""sendNotificationFinished"",""invokedBy"":""taskExecutionStarted"",""outcome"":{}}"
1607540951643,"97f11c4d-1f5d-45a3-bcc5-cc3ef014c275","task","acquirePhoneGeolocation","OK","{""took"":21144,""emitted"":""geolocationAcquired"",""invokedBy"":""taskExecutionStarted"",""outcome"":{""type"":""geolocation"",""latitude"":40.059975,""longitude"":-0.1376657,""altitude"":239.5,""verticalAccuracy"":21.9,""change"":""none"",""speed"":0.12991138,""timestamp"":""2020-12-09T19:09:32.707Z"",""direction"":130.93803,""horizontalAccuracy"":21.9}}"
1607540951654,"baa7b42f-7d61-41f4-9a5e-64637419e44d","task","acquireMultiplePhoneGeolocation","OK","{""took"":50043,""emitted"":""geolocationAcquired"",""invokedBy"":""taskExecutionStarted"",""outcome"":[{""type"":""geolocation"",""latitude"":40.059994,""longitude"":-0.1376744,""altitude"":239.5,""verticalAccuracy"":21.846,""change"":""none"",""speed"":0,""timestamp"":""2020-12-09T19:09:12.655Z"",""direction"":0,""horizontalAccuracy"":21.846},{""type"":""geolocation"",""latitude"":40.059982,""longitude"":-0.1376783,""altitude"":239.5,""verticalAccuracy"":19.564,""change"":""none"",""speed"":0.005331567,""timestamp"":""2020-12-09T19:09:22.703Z"",""direction"":197.9757,""horizontalAccuracy"":19.564},{""type"":""geolocation"",""latitude"":40.059975,""longitude"":-0.1376657,""altitude"":239.5,""verticalAccuracy"":21.9,""change"":""none"",""speed"":0.12991138,""timestamp"":""2020-12-09T19:09:32.707Z"",""direction"":130.93803,""horizontalAccuracy"":21.9},{""type"":""geolocation"",""latitude"":40.059967,""longitude"":-0.1376814,""altitude"":239.5,""verticalAccuracy"":21.066,""change"":""none"",""speed"":0.13075927,""timestamp"":""2020-12-09T19:09:42.737Z"",""direction"":236.23334,""horizontalAccuracy"":21.066},{""type"":""geolocation"",""latitude"":40.059967,""longitude"":-0.1376927,""altitude"":239.5,""verticalAccuracy"":20.395,""change"":""none"",""speed"":0.09072789,""timestamp"":""2020-12-09T19:09:52.765Z"",""direction"":251.83502,""horizontalAccuracy"":20.395}]}"
1607540962611,"4deea991-64ff-4699-814d-dfd247fe59a9","event","questionsAnswered","OK","{""type"":""questionnaire-answers"",""change"":""none"",""timestamp"":""2020-12-09T19:09:22.447Z"",""answers"":[{""title"":""From 1 to 10, how anxious do you feel?"",""answer"":5,""millisecondsToAnswer"":5777}]}"
1607540974099,"b56f199b-b983-4e49-836c-0ddefa01888a","task","checkAreaOfInterestProximity","OK","{""took"":16,""emitted"":""checkAreaOfInterestProximityFinished"",""invokedBy"":""geolocationAcquired"",""outcome"":null}"
1607541002369,"cc60f77d-f5cb-46bb-a5e3-feab421bdbbe","task","checkAreaOfInterestProximity","OK","{""took"":108,""emitted"":""checkAreaOfInterestProximityFinished"",""invokedBy"":""geolocationAcquired"",""outcome"":null}"
1607541011112,"cb080be3-8f8a-4740-968e-b2a7fa4b3989","task","acquireMultiplePhoneGeolocation","OK","{""took"":50132,""emitted"":""geolocationAcquired"",""invokedBy"":""taskExecutionStarted"",""outcome"":[{""type"":""geolocation"",""latitude"":40.059956,""longitude"":-0.1376987,""altitude"":239.5,""verticalAccuracy"":21.108,""change"":""none"",""speed"":0,""timestamp"":""2020-12-09T19:10:12.157Z"",""direction"":0,""horizontalAccuracy"":21.108},{""type"":""geolocation"",""latitude"":40.05997,""longitude"":-0.1376932,""altitude"":239.5,""verticalAccuracy"":19.476,""change"":""none"",""speed"":0.009640829,""timestamp"":""2020-12-09T19:10:22.168Z"",""direction"":14.828902,""horizontalAccuracy"":19.476},{""type"":""geolocation"",""latitude"":40.059963,""longitude"":-0.1377102,""altitude"":239.5,""verticalAccuracy"":20.62,""change"":""none"",""speed"":0.14849436,""timestamp"":""2020-12-09T19:10:32.207Z"",""direction"":243.35277,""horizontalAccuracy"":20.62},{""type"":""geolocation"",""latitude"":40.059967,""longitude"":-0.1377128,""altitude"":239.5,""verticalAccuracy"":20.365,""change"":""none"",""speed"":0.047566034,""timestamp"":""2020-12-09T19:10:42.187Z"",""direction"":299.58063,""horizontalAccuracy"":20.365},{""type"":""geolocation"",""latitude"":40.059963,""longitude"":-0.137718,""altitude"":239.5,""verticalAccuracy"":20.438,""change"":""none"",""speed"":0.061441682,""timestamp"":""2020-12-09T19:10:52.287Z"",""direction"":225.0128,""horizontalAccuracy"":20.438}]}"
1607541061928,"a92f7520-99c3-4ad3-8490-60ee3bd0d604","task","checkAreaOfInterestProximity","OK","{""took"":50,""emitted"":""checkAreaOfInterestProximityFinished"",""invokedBy"":""geolocationAcquired"",""outcome"":null}"
1607541071248,"8d401460-ec18-4260-a631-0461d0d74910","task","sendNotification","OK","{""took"":26,""emitted"":""sendNotificationFinished"",""invokedBy"":""taskExecutionStarted"",""outcome"":{}}"
1607541071915,"e83aae62-5b72-420b-b730-37d91b1aa1c0","task","acquirePhoneGeolocation","OK","{""took"":21146,""emitted"":""geolocationAcquired"",""invokedBy"":""taskExecutionStarted"",""outcome"":{""type"":""geolocation"",""latitude"":40.059986,""longitude"":-0.1377465,""altitude"":239.5,""verticalAccuracy"":18.719,""change"":""none"",""speed"":0.18604355,""timestamp"":""2020-12-09T19:11:22.978Z"",""direction"":331.41354,""horizontalAccuracy"":18.719}}"
1607541071926,"b5937ccb-713c-4326-bb7f-7d944d3fa200","task","acquireMultiplePhoneGeolocation","OK","{""took"":50039,""emitted"":""geolocationAcquired"",""invokedBy"":""taskExecutionStarted"",""outcome"":[{""type"":""geolocation"",""latitude"":40.05997,""longitude"":-0.1377349,""altitude"":239.5,""verticalAccuracy"":16.737,""change"":""none"",""speed"":0,""timestamp"":""2020-12-09T19:11:13.018Z"",""direction"":0,""horizontalAccuracy"":16.737},{""type"":""geolocation"",""latitude"":40.059986,""longitude"":-0.1377465,""altitude"":239.5,""verticalAccuracy"":18.719,""change"":""none"",""speed"":0.18604355,""timestamp"":""2020-12-09T19:11:22.978Z"",""direction"":331.41354,""horizontalAccuracy"":18.719},{""type"":""geolocation"",""latitude"":40.059956,""longitude"":-0.1377932,""altitude"":239.5,""verticalAccuracy"":18.2,""change"":""none"",""speed"":0.47705203,""timestamp"":""2020-12-09T19:11:32.968Z"",""direction"":229.48412,""horizontalAccuracy"":18.2},{""type"":""geolocation"",""latitude"":40.05996,""longitude"":-0.1377831,""altitude"":239.5,""verticalAccuracy"":26.697,""change"":""none"",""speed"":0.22634703,""timestamp"":""2020-12-09T19:11:42.977Z"",""direction"":356.96133,""horizontalAccuracy"":26.697},{""type"":""geolocation"",""latitude"":40.05999,""longitude"":-0.1377963,""altitude"":239.5,""verticalAccuracy"":19.214,""change"":""none"",""speed"":0.31892258,""timestamp"":""2020-12-09T19:11:52.998Z"",""direction"":343.6941,""horizontalAccuracy"":19.214}]}"
1607541088675,"e5e7f086-879a-4e34-98ef-6f2605b757ab","event","questionsAnswered","OK","{""type"":""questionnaire-answers"",""change"":""none"",""timestamp"":""2020-12-09T19:11:28.495Z"",""answers"":[{""title"":""From 1 to 10, how anxious do you feel?"",""answer"":4,""millisecondsToAnswer"":12264}]}"
1607541093781,"99a91f40-ff8d-4580-96c8-c315b58ceba8","task","checkAreaOfInterestProximity","OK","{""took"":15,""emitted"":""checkAreaOfInterestProximityFinished"",""invokedBy"":""geolocationAcquired"",""outcome"":null}"
1607541122779,"84227a27-d64b-4ee8-8af9-ef6d04d174e3","task","checkAreaOfInterestProximity","OK","{""took"":49,""emitted"":""checkAreaOfInterestProximityFinished"",""invokedBy"":""geolocationAcquired"",""outcome"":null}"
1607541131324,"19ea9676-ce3d-4c38-b8a8-eeadbc971418","task","acquireMultiplePhoneGeolocation","OK","{""took"":50056,""emitted"":""geolocationAcquired"",""invokedBy"":""taskExecutionStarted"",""outcome"":[{""type"":""geolocation"",""latitude"":40.05997,""longitude"":-0.1377761,""altitude"":239.5,""verticalAccuracy"":23.548,""change"":""none"",""speed"":0,""timestamp"":""2020-12-09T19:12:12.346Z"",""direction"":0,""horizontalAccuracy"":23.548},{""type"":""geolocation"",""latitude"":40.05997,""longitude"":-0.1377761,""altitude"":239.5,""verticalAccuracy"":23.548,""change"":""none"",""speed"":0,""timestamp"":""2020-12-09T19:12:21.364Z"",""direction"":0,""horizontalAccuracy"":23.548},{""type"":""geolocation"",""latitude"":40.05997,""longitude"":-0.1377761,""altitude"":239.5,""verticalAccuracy"":23.548,""change"":""none"",""speed"":0,""timestamp"":""2020-12-09T19:12:31.373Z"",""direction"":0,""horizontalAccuracy"":23.548},{""type"":""geolocation"",""latitude"":40.05997,""longitude"":-0.1377761,""altitude"":239.5,""verticalAccuracy"":23.548,""change"":""none"",""speed"":0,""timestamp"":""2020-12-09T19:12:41.382Z"",""direction"":0,""horizontalAccuracy"":23.548},{""type"":""geolocation"",""latitude"":40.05997,""longitude"":-0.1377761,""altitude"":239.5,""verticalAccuracy"":23.548,""change"":""none"",""speed"":0,""timestamp"":""2020-12-09T19:12:51.400Z"",""direction"":0,""horizontalAccuracy"":23.548}]}"
1607541182165,"7ac1715f-ac67-4f60-8750-493caaf6f120","task","checkAreaOfInterestProximity","OK","{""took"":49,""emitted"":""checkAreaOfInterestProximityFinished"",""invokedBy"":""geolocationAcquired"",""outcome"":null}"
1607541191435,"f04b77f4-4519-4ec9-b743-f7b51ea235c3","task","sendNotification","OK","{""took"":26,""emitted"":""sendNotificationFinished"",""invokedBy"":""taskExecutionStarted"",""outcome"":{}}"
1607541192119,"878fb848-a26d-4892-98dd-d0a1db1ca3be","task","acquirePhoneGeolocation","OK","{""took"":10067,""emitted"":""geolocationAcquired"",""invokedBy"":""taskExecutionStarted"",""outcome"":{""type"":""geolocation"",""latitude"":40.05997,""longitude"":-0.1377761,""altitude"":239.5,""verticalAccuracy"":23.548,""change"":""none"",""speed"":0,""timestamp"":""2020-12-09T19:13:22.168Z"",""direction"":0,""horizontalAccuracy"":23.548}}"
1607541192131,"a60f4076-ebbd-408d-a8ee-5a28ae84c364","task","acquireMultiplePhoneGeolocation","OK","{""took"":50052,""emitted"":""geolocationAcquired"",""invokedBy"":""taskExecutionStarted"",""outcome"":[{""type"":""geolocation"",""latitude"":40.05997,""longitude"":-0.1377761,""altitude"":239.5,""verticalAccuracy"":23.548,""change"":""none"",""speed"":0,""timestamp"":""2020-12-09T19:13:12.206Z"",""direction"":0,""horizontalAccuracy"":23.548},{""type"":""geolocation"",""latitude"":40.05997,""longitude"":-0.1377761,""altitude"":239.5,""verticalAccuracy"":23.548,""change"":""none"",""speed"":0,""timestamp"":""2020-12-09T19:13:22.168Z"",""direction"":0,""horizontalAccuracy"":23.548},{""type"":""geolocation"",""latitude"":40.05997,""longitude"":-0.1377761,""altitude"":239.5,""verticalAccuracy"":23.548,""change"":""none"",""speed"":0,""timestamp"":""2020-12-09T19:13:32.172Z"",""direction"":0,""horizontalAccuracy"":23.548},{""type"":""geolocation"",""latitude"":40.05997,""longitude"":-0.1377761,""altitude"":239.5,""verticalAccuracy"":23.548,""change"":""none"",""speed"":0,""timestamp"":""2020-12-09T19:13:42.184Z"",""direction"":0,""horizontalAccuracy"":23.548},{""type"":""geolocation"",""latitude"":40.05997,""longitude"":-0.1377761,""altitude"":239.5,""verticalAccuracy"":23.548,""change"":""none"",""speed"":0,""timestamp"":""2020-12-09T19:13:52.199Z"",""direction"":0,""horizontalAccuracy"":23.548}]}"
1607541200631,"42556e37-a50a-416f-942c-bda15133dada","event","questionsAnswered","OK","{""type"":""questionnaire-answers"",""change"":""none"",""timestamp"":""2020-12-09T19:13:20.479Z"",""answers"":[{""title"":""From 1 to 10, how anxious do you feel?"",""answer"":4,""millisecondsToAnswer"":6532}]}"
1607541202965,"9b1fa11a-ca22-459c-a7e5-30e906ee4253","task","checkAreaOfInterestProximity","OK","{""took"":15,""emitted"":""checkAreaOfInterestProximityFinished"",""invokedBy"":""geolocationAcquired"",""outcome"":null}"
1607541242996,"14d482b4-7829-4bbe-b52d-844245f80beb","task","checkAreaOfInterestProximity","OK","{""took"":53,""emitted"":""checkAreaOfInterestProximityFinished"",""invokedBy"":""geolocationAcquired"",""outcome"":null}"
1607541251515,"2de0223a-157d-4d34-963d-7711345d3b04","task","acquireMultiplePhoneGeolocation","OK","{""took"":50049,""emitted"":""geolocationAcquired"",""invokedBy"":""taskExecutionStarted"",""outcome"":[{""type"":""geolocation"",""latitude"":40.05997,""longitude"":-0.1377761,""altitude"":239.5,""verticalAccuracy"":23.548,""change"":""none"",""speed"":0,""timestamp"":""2020-12-09T19:14:11.542Z"",""direction"":0,""horizontalAccuracy"":23.548},{""type"":""geolocation"",""latitude"":40.05997,""longitude"":-0.1377761,""altitude"":239.5,""verticalAccuracy"":23.548,""change"":""none"",""speed"":0,""timestamp"":""2020-12-09T19:14:21.556Z"",""direction"":0,""horizontalAccuracy"":23.548},{""type"":""geolocation"",""latitude"":40.05997,""longitude"":-0.1377761,""altitude"":239.5,""verticalAccuracy"":23.548,""change"":""none"",""speed"":0,""timestamp"":""2020-12-09T19:14:31.564Z"",""direction"":0,""horizontalAccuracy"":23.548},{""type"":""geolocation"",""latitude"":40.05997,""longitude"":-0.1377761,""altitude"":239.5,""verticalAccuracy"":23.548,""change"":""none"",""speed"":0,""timestamp"":""2020-12-09T19:14:41.575Z"",""direction"":0,""horizontalAccuracy"":23.548},{""type"":""geolocation"",""latitude"":40.05999,""longitude"":-0.1377159,""altitude"":239.5,""verticalAccuracy"":22.062,""change"":""none"",""speed"":0,""timestamp"":""2020-12-09T19:14:52.606Z"",""direction"":0,""horizontalAccuracy"":22.062}]}"
1607541302365,"0cf2a92b-afeb-44fe-a82f-381bc5ccfeb2","task","checkAreaOfInterestProximity","OK","{""took"":94,""emitted"":""checkAreaOfInterestProximityFinished"",""invokedBy"":""geolocationAcquired"",""outcome"":null}"
1607541311631,"5567b6c0-7e41-4bc6-9cba-2b755fa0cf51","task","sendNotification","OK","{""took"":28,""emitted"":""sendNotificationFinished"",""invokedBy"":""taskExecutionStarted"",""outcome"":{}}"
1607541312375,"a8b8e27e-a65f-4273-b679-76baa06730d1","task","acquirePhoneGeolocation","OK","{""took"":11186,""emitted"":""geolocationAcquired"",""invokedBy"":""taskExecutionStarted"",""outcome"":{""type"":""geolocation"",""latitude"":40.059975,""longitude"":-0.1377539,""altitude"":239.40001,""verticalAccuracy"":18.153,""change"":""none"",""speed"":0,""timestamp"":""2020-12-09T19:15:13.458Z"",""direction"":0,""horizontalAccuracy"":18.153}}"
1607541312387,"ebe4e0f9-8ba5-401a-a7e9-1f4d0a5fae49","task","acquireMultiplePhoneGeolocation","OK","{""took"":50522,""emitted"":""geolocationAcquired"",""invokedBy"":""taskExecutionStarted"",""outcome"":[{""type"":""geolocation"",""latitude"":40.059975,""longitude"":-0.1377539,""altitude"":239.40001,""verticalAccuracy"":18.153,""change"":""none"",""speed"":0,""timestamp"":""2020-12-09T19:15:13.458Z"",""direction"":0,""horizontalAccuracy"":18.153},{""type"":""geolocation"",""latitude"":40.05999,""longitude"":-0.1376901,""altitude"":239.40001,""verticalAccuracy"":19.073,""change"":""none"",""speed"":0.039826907,""timestamp"":""2020-12-09T19:15:23.493Z"",""direction"":74.59761,""horizontalAccuracy"":19.073},{""type"":""geolocation"",""latitude"":40.059998,""longitude"":-0.1377239,""altitude"":239.40001,""verticalAccuracy"":21.727,""change"":""none"",""speed"":0.020510063,""timestamp"":""2020-12-09T19:15:33.916Z"",""direction"":287.6519,""horizontalAccuracy"":21.727},{""type"":""geolocation"",""latitude"":40.060005,""longitude"":-0.1377593,""altitude"":239.40001,""verticalAccuracy"":22.365,""change"":""none"",""speed"":0.28563973,""timestamp"":""2020-12-09T19:15:43.932Z"",""direction"":286.10602,""horizontalAccuracy"":22.365},{""type"":""geolocation"",""latitude"":40.060013,""longitude"":-0.137793,""altitude"":239.40001,""verticalAccuracy"":17.225,""change"":""none"",""speed"":0.2462701,""timestamp"":""2020-12-09T19:15:53.958Z"",""direction"":283.94867,""horizontalAccuracy"":17.225}]}"
1607541320847,"252bee40-4c6d-450d-a484-621c291f2954","event","questionsAnswered","OK","{""type"":""questionnaire-answers"",""change"":""none"",""timestamp"":""2020-12-09T19:15:20.667Z"",""answers"":[{""title"":""From 1 to 10, how anxious do you feel?"",""answer"":3,""millisecondsToAnswer"":4710}]}"
1607541324372,"2ef15538-e957-46f2-bd7a-bd7898572b55","task","checkAreaOfInterestProximity","OK","{""took"":15,""emitted"":""checkAreaOfInterestProximityFinished"",""invokedBy"":""geolocationAcquired"",""outcome"":null}"
1607541363723,"bf1e7790-af80-4c32-84d0-d81a2a4be6d4","task","checkAreaOfInterestProximity","OK","{""took"":50,""emitted"":""checkAreaOfInterestProximityFinished"",""invokedBy"":""geolocationAcquired"",""outcome"":null}"
1607541371781,"2e4acb29-f5fd-4583-b417-781f9a474af3","task","acquireMultiplePhoneGeolocation","OK","{""took"":50050,""emitted"":""geolocationAcquired"",""invokedBy"":""taskExecutionStarted"",""outcome"":[{""type"":""geolocation"",""latitude"":40.059956,""longitude"":-0.137767,""altitude"":239.5,""verticalAccuracy"":21.525,""change"":""none"",""speed"":0,""timestamp"":""2020-12-09T19:16:12.757Z"",""direction"":0,""horizontalAccuracy"":21.525},{""type"":""geolocation"",""latitude"":40.059948,""longitude"":-0.1377819,""altitude"":239.5,""verticalAccuracy"":22.038,""change"":""none"",""speed"":0.0067743273,""timestamp"":""2020-12-09T19:16:22.609Z"",""direction"":250.34708,""horizontalAccuracy"":22.038},{""type"":""geolocation"",""latitude"":40.059998,""longitude"":-0.1377164,""altitude"":239.40001,""verticalAccuracy"":20.595,""change"":""none"",""speed"":0.6801799,""timestamp"":""2020-12-09T19:16:32.868Z"",""direction"":46.470352,""horizontalAccuracy"":20.595},{""type"":""geolocation"",""latitude"":40.059994,""longitude"":-0.1376735,""altitude"":239.40001,""verticalAccuracy"":14.538,""change"":""none"",""speed"":0.39091697,""timestamp"":""2020-12-09T19:16:42.896Z"",""direction"":81.109146,""horizontalAccuracy"":14.538},{""type"":""geolocation"",""latitude"":40.06,""longitude"":-0.1376794,""altitude"":239.40001,""verticalAccuracy"":15.57,""change"":""none"",""speed"":0.0105946865,""timestamp"":""2020-12-09T19:16:50.959Z"",""direction"":338.1181,""horizontalAccuracy"":15.57}]}"
1607541422712,"66ba97a3-6709-42e8-9deb-9f0df2333b9e","task","checkAreaOfInterestProximity","OK","{""took"":93,""emitted"":""checkAreaOfInterestProximityFinished"",""invokedBy"":""geolocationAcquired"",""outcome"":null}"
1607541431953,"128be7eb-70ea-4e34-95aa-e1c0466e9a5f","task","sendNotification","OK","{""took"":28,""emitted"":""sendNotificationFinished"",""invokedBy"":""taskExecutionStarted"",""outcome"":{}}"
1607541432689,"d18aca36-fc1b-4411-855d-3aca630cc9b9","task","acquirePhoneGeolocation","OK","{""took"":11158,""emitted"":""geolocationAcquired"",""invokedBy"":""taskExecutionStarted"",""outcome"":{""type"":""geolocation"",""latitude"":40.05997,""longitude"":-0.1377127,""altitude"":239.40001,""verticalAccuracy"":16.314,""change"":""none"",""speed"":0,""timestamp"":""2020-12-09T19:17:13.713Z"",""direction"":0,""horizontalAccuracy"":16.314}}"
1607541432700,"2b8f7ee1-8b6a-4632-b741-f7c50f42812a","task","acquireMultiplePhoneGeolocation","OK","{""took"":50035,""emitted"":""geolocationAcquired"",""invokedBy"":""taskExecutionStarted"",""outcome"":[{""type"":""geolocation"",""latitude"":40.05997,""longitude"":-0.1377127,""altitude"":239.40001,""verticalAccuracy"":16.314,""change"":""none"",""speed"":0,""timestamp"":""2020-12-09T19:17:13.713Z"",""direction"":0,""horizontalAccuracy"":16.314},{""type"":""geolocation"",""latitude"":40.05997,""longitude"":-0.1377619,""altitude"":239.40001,""verticalAccuracy"":15.876,""change"":""none"",""speed"":0.37456477,""timestamp"":""2020-12-09T19:17:23.808Z"",""direction"":270.97757,""horizontalAccuracy"":15.876},{""type"":""geolocation"",""latitude"":40.059967,""longitude"":-0.1377503,""altitude"":239.5,""verticalAccuracy"":19.974,""change"":""none"",""speed"":0.0120428465,""timestamp"":""2020-12-09T19:17:33.351Z"",""direction"":101.842995,""horizontalAccuracy"":19.974},{""type"":""geolocation"",""latitude"":40.059853,""longitude"":-0.1377444,""altitude"":240,""verticalAccuracy"":25.469,""change"":""none"",""speed"":1.1395843,""timestamp"":""2020-12-09T19:17:43.818Z"",""direction"":177.71854,""horizontalAccuracy"":25.469},{""type"":""geolocation"",""latitude"":40.059517,""longitude"":-0.137865,""altitude"":240.1,""verticalAccuracy"":27.326,""change"":""none"",""speed"":3.2407212,""timestamp"":""2020-12-09T19:17:53.825Z"",""direction"":193.99849,""horizontalAccuracy"":27.326}]}"
1607541444661,"886a12c5-801f-4b8a-abeb-01789ef1e79e","task","checkAreaOfInterestProximity","OK","{""took"":15,""emitted"":""checkAreaOfInterestProximityFinished"",""invokedBy"":""geolocationAcquired"",""outcome"":null}"
1607541445645,"9c5826dc-bfc6-446a-a72d-fd8ae8ca6646","event","questionsAnswered","OK","{""type"":""questionnaire-answers"",""change"":""none"",""timestamp"":""2020-12-09T19:17:25.506Z"",""answers"":[{""title"":""From 1 to 10, how anxious do you feel?"",""answer"":3,""millisecondsToAnswer"":10089}]}"
1607541483643,"1475ac9e-5916-4811-9ad2-776b8da5bb14","task","checkAreaOfInterestProximity","OK","{""took"":101,""emitted"":""checkAreaOfInterestProximityFinished"",""invokedBy"":""geolocationAcquired"",""outcome"":null}"
1607541492027,"3c050891-ec01-4d77-95c5-f8cf3d6d2fb1","task","acquireMultiplePhoneGeolocation","OK","{""took"":50064,""emitted"":""geolocationAcquired"",""invokedBy"":""taskExecutionStarted"",""outcome"":[{""type"":""geolocation"",""latitude"":40.05942,""longitude"":-0.1379412,""altitude"":240.20001,""verticalAccuracy"":23.825,""change"":""none"",""speed"":0,""timestamp"":""2020-12-09T19:18:13.092Z"",""direction"":0,""horizontalAccuracy"":23.825},{""type"":""geolocation"",""latitude"":40.05959,""longitude"":-0.1378943,""altitude"":240.40001,""verticalAccuracy"":29.155,""change"":""none"",""speed"":0.08017696,""timestamp"":""2020-12-09T19:18:23.058Z"",""direction"":12.082055,""horizontalAccuracy"":29.155},{""type"":""geolocation"",""latitude"":40.059395,""longitude"":-0.1379659,""altitude"":240.40001,""verticalAccuracy"":27.414,""change"":""none"",""speed"":1.617567,""timestamp"":""2020-12-09T19:18:33.138Z"",""direction"":195.9898,""horizontalAccuracy"":27.414},{""type"":""geolocation"",""latitude"":40.05929,""longitude"":-0.1380188,""altitude"":240.40001,""verticalAccuracy"":21.36,""change"":""none"",""speed"":1.3874875,""timestamp"":""2020-12-09T19:18:43.143Z"",""direction"":198.84196,""horizontalAccuracy"":21.36},{""type"":""geolocation"",""latitude"":40.059128,""longitude"":-0.1381248,""altitude"":238.40001,""verticalAccuracy"":23.216,""change"":""none"",""speed"":1.9389243,""timestamp"":""2020-12-09T19:18:50.536Z"",""direction"":203.16563,""horizontalAccuracy"":23.216}]}"
1607541543006,"a08ccaf0-39d2-47be-881e-e6196e297e35","task","checkAreaOfInterestProximity","OK","{""took"":71,""emitted"":""movedOutsideAreaOfInterest"",""invokedBy"":""geolocationAcquired"",""outcome"":[{""type"":""aoi-proximity-change"",""change"":""end"",""timestamp"":""2020-12-09T19:19:03.077Z"",""proximity"":""inside"",""aoi"":{""name"":""Plaza del alcalde Andreu"",""latitude"":40.05989,""longitude"":-0.13769656,""radius"":30,""level"":null,""id"":""plaza-alcalde"",""category"":null}}]}"
1607541604566,"66561d2e-9c46-4040-b430-0ae3ec6b7c7b","task","acquirePhoneGeolocation","OK","{""took"":11255,""emitted"":""geolocationAcquired"",""invokedBy"":""taskExecutionStarted"",""outcome"":{""type"":""geolocation"",""latitude"":40.058647,""longitude"":-0.1389527,""altitude"":233.90001,""verticalAccuracy"":21.118,""change"":""none"",""speed"":0,""timestamp"":""2020-12-09T19:20:05.680Z"",""direction"":0,""horizontalAccuracy"":21.118}}"
1607541604580,"3757d664-21d9-4509-87dd-b2f35fa62419","task","acquireMultiplePhoneGeolocation","OK","{""took"":50054,""emitted"":""geolocationAcquired"",""invokedBy"":""taskExecutionStarted"",""outcome"":[{""type"":""geolocation"",""latitude"":40.058647,""longitude"":-0.1389527,""altitude"":233.90001,""verticalAccuracy"":21.118,""change"":""none"",""speed"":0,""timestamp"":""2020-12-09T19:20:05.680Z"",""direction"":0,""horizontalAccuracy"":21.118},{""type"":""geolocation"",""latitude"":40.058643,""longitude"":-0.1389537,""altitude"":233.90001,""verticalAccuracy"":20.877,""change"":""none"",""speed"":0.001530414,""timestamp"":""2020-12-09T19:20:15.699Z"",""direction"":197.0222,""horizontalAccuracy"":20.877},{""type"":""geolocation"",""latitude"":40.058712,""longitude"":-0.1390628,""altitude"":233.90001,""verticalAccuracy"":18.656,""change"":""none"",""speed"":0.9895735,""timestamp"":""2020-12-09T19:20:25.790Z"",""direction"":308.18433,""horizontalAccuracy"":18.656},{""type"":""geolocation"",""latitude"":40.05875,""longitude"":-0.1391156,""altitude"":233.90001,""verticalAccuracy"":19.115,""change"":""none"",""speed"":0.77917784,""timestamp"":""2020-12-09T19:20:35.684Z"",""direction"":312.1174,""horizontalAccuracy"":19.115},{""type"":""geolocation"",""latitude"":40.05878,""longitude"":-0.1392924,""altitude"":234.5,""verticalAccuracy"":46.074,""change"":""none"",""speed"":1.1246057,""timestamp"":""2020-12-09T19:20:45.768Z"",""direction"":292.17264,""horizontalAccuracy"":46.074}]}"
1607541616692,"276a3ceb-1b76-455d-81a8-b740509cd1a6","task","checkAreaOfInterestProximity","OK","{""took"":11,""emitted"":""checkAreaOfInterestProximityFinished"",""invokedBy"":""geolocationAcquired"",""outcome"":null}"
1607541655563,"7e46ce21-9ca7-41c3-8a93-c32d2a92e00b","task","checkAreaOfInterestProximity","OK","{""took"":87,""emitted"":""checkAreaOfInterestProximityFinished"",""invokedBy"":""geolocationAcquired"",""outcome"":null}"
1607541664603,"43648e4d-d1de-48fe-8f08-47f53ee6a94b","task","acquireMultiplePhoneGeolocation","OK","{""took"":50037,""emitted"":""geolocationAcquired"",""invokedBy"":""taskExecutionStarted"",""outcome"":[{""type"":""geolocation"",""latitude"":40.05894,""longitude"":-0.139954,""altitude"":234.5,""verticalAccuracy"":34.183,""change"":""none"",""speed"":0,""timestamp"":""2020-12-09T19:21:04.553Z"",""direction"":0,""horizontalAccuracy"":34.183},{""type"":""geolocation"",""latitude"":40.058914,""longitude"":-0.1399993,""altitude"":233.8,""verticalAccuracy"":15.02,""change"":""none"",""speed"":0.051119443,""timestamp"":""2020-12-09T19:21:20.799Z"",""direction"":268.4333,""horizontalAccuracy"":15.02},{""type"":""geolocation"",""latitude"":40.058918,""longitude"":-0.1400025,""altitude"":234.40001,""verticalAccuracy"":12.826,""change"":""none"",""speed"":0.06582875,""timestamp"":""2020-12-09T19:21:30.879Z"",""direction"":333.43665,""horizontalAccuracy"":12.826},{""type"":""geolocation"",""latitude"":40.058918,""longitude"":-0.1400082,""altitude"":238.5,""verticalAccuracy"":13.012,""change"":""none"",""speed"":0.04252005,""timestamp"":""2020-12-09T19:21:40.819Z"",""direction"":273.86487,""horizontalAccuracy"":13.012},{""type"":""geolocation"",""latitude"":40.05892,""longitude"":-0.140009,""altitude"":238.5,""verticalAccuracy"":13.012,""change"":""none"",""speed"":0.02854048,""timestamp"":""2020-12-09T19:21:50.779Z"",""direction"":308.82312,""horizontalAccuracy"":13.012}]}"
1607541715592,"7770fb1f-34ef-4643-8642-1c761280fd33","task","checkAreaOfInterestProximity","OK","{""took"":49,""emitted"":""checkAreaOfInterestProximityFinished"",""invokedBy"":""geolocationAcquired"",""outcome"":null}"
1607541724736,"dab6f26f-e6ef-40f3-83a3-630e540d3dd4","task","acquirePhoneGeolocation","OK","{""took"":11158,""emitted"":""geolocationAcquired"",""invokedBy"":""taskExecutionStarted"",""outcome"":{""type"":""geolocation"",""latitude"":40.058964,""longitude"":-0.140015,""altitude"":234.40001,""verticalAccuracy"":30.425,""change"":""none"",""speed"":0,""timestamp"":""2020-12-09T19:22:05.798Z"",""direction"":0,""horizontalAccuracy"":30.425}}"
1607541724748,"5200583c-b28f-4b17-87a5-eb7afc4d9b71","task","acquireMultiplePhoneGeolocation","OK","{""took"":50036,""emitted"":""geolocationAcquired"",""invokedBy"":""taskExecutionStarted"",""outcome"":[{""type"":""geolocation"",""latitude"":40.058964,""longitude"":-0.140015,""altitude"":234.40001,""verticalAccuracy"":30.425,""change"":""none"",""speed"":0,""timestamp"":""2020-12-09T19:22:05.798Z"",""direction"":0,""horizontalAccuracy"":30.425},{""type"":""geolocation"",""latitude"":40.05983,""longitude"":-0.1397402,""altitude"":234.6,""verticalAccuracy"":20.676,""change"":""none"",""speed"":0.26142412,""timestamp"":""2020-12-09T19:22:15.857Z"",""direction"":13.673641,""horizontalAccuracy"":20.676},{""type"":""geolocation"",""latitude"":40.059772,""longitude"":-0.1397596,""altitude"":234.6,""verticalAccuracy"":27.589,""change"":""none"",""speed"":0.51664555,""timestamp"":""2020-12-09T19:22:25.720Z"",""direction"":194.80884,""horizontalAccuracy"":27.589},{""type"":""geolocation"",""latitude"":40.059734,""longitude"":-0.1398467,""altitude"":234.6,""verticalAccuracy"":30.367,""change"":""none"",""speed"":0.6588266,""timestamp"":""2020-12-09T19:22:35.884Z"",""direction"":225.37383,""horizontalAccuracy"":30.367},{""type"":""geolocation"",""latitude"":40.059723,""longitude"":-0.1398793,""altitude"":234.6,""verticalAccuracy"":30.389,""change"":""none"",""speed"":0.49426654,""timestamp"":""2020-12-09T19:22:45.842Z"",""direction"":231.61743,""horizontalAccuracy"":30.389}]}"
1607541736852,"bf603483-1d1f-4852-abb3-040deddd760e","task","checkAreaOfInterestProximity","OK","{""took"":11,""emitted"":""checkAreaOfInterestProximityFinished"",""invokedBy"":""geolocationAcquired"",""outcome"":null}"
1607541775920,"09b391a3-68f3-486f-9964-22325735c4f3","task","checkAreaOfInterestProximity","OK","{""took"":92,""emitted"":""checkAreaOfInterestProximityFinished"",""invokedBy"":""geolocationAcquired"",""outcome"":null}"
1607541784768,"b12dfdab-32a2-436a-89d0-d5c3644e1a65","task","acquireMultiplePhoneGeolocation","OK","{""took"":50047,""emitted"":""geolocationAcquired"",""invokedBy"":""taskExecutionStarted"",""outcome"":[{""type"":""geolocation"",""latitude"":40.059742,""longitude"":-0.1398501,""altitude"":234.6,""verticalAccuracy"":34.578,""change"":""none"",""speed"":0,""timestamp"":""2020-12-09T19:23:05.859Z"",""direction"":0,""horizontalAccuracy"":34.578},{""type"":""geolocation"",""latitude"":40.05974,""longitude"":-0.1398644,""altitude"":237.70001,""verticalAccuracy"":44.754,""change"":""none"",""speed"":0.0026436474,""timestamp"":""2020-12-09T19:23:15.867Z"",""direction"":250.17943,""horizontalAccuracy"":44.754},{""type"":""geolocation"",""latitude"":40.05977,""longitude"":-0.139716,""altitude"":237.70001,""verticalAccuracy"":80.963,""change"":""none"",""speed"":0.7331892,""timestamp"":""2020-12-09T19:23:25.898Z"",""direction"":74.775894,""horizontalAccuracy"":80.963},{""type"":""geolocation"",""latitude"":40.060493,""longitude"":-0.1398006,""altitude"":233.70001,""verticalAccuracy"":58.799,""change"":""none"",""speed"":3.7844956,""timestamp"":""2020-12-09T19:23:35.927Z"",""direction"":0.83481604,""horizontalAccuracy"":58.799},{""type"":""geolocation"",""latitude"":40.06073,""longitude"":-0.1398773,""altitude"":233.70001,""verticalAccuracy"":74.813,""change"":""none"",""speed"":3.3441184,""timestamp"":""2020-12-09T19:23:45.958Z"",""direction"":356.3892,""horizontalAccuracy"":74.813}]}"
1607541835830,"533e3267-4fdf-4ea1-bcfe-10a709208384","task","checkAreaOfInterestProximity","OK","{""took"":49,""emitted"":""checkAreaOfInterestProximityFinished"",""invokedBy"":""geolocationAcquired"",""outcome"":null}"
1607541844892,"4cd6d103-8626-48fa-a854-6597b1a08465","task","acquirePhoneGeolocation","OK","{""took"":16298,""emitted"":""geolocationAcquired"",""invokedBy"":""taskExecutionStarted"",""outcome"":{""type"":""geolocation"",""latitude"":40.0607,""longitude"":-0.1395819,""altitude"":234.5,""verticalAccuracy"":63.966,""change"":""none"",""speed"":0.94899404,""timestamp"":""2020-12-09T19:24:21.079Z"",""direction"":100.981346,""horizontalAccuracy"":63.966}}"
1607541844911,"bf963905-181a-44fb-a625-725cf4618b89","task","acquireMultiplePhoneGeolocation","OK","{""took"":50025,""emitted"":""geolocationAcquired"",""invokedBy"":""taskExecutionStarted"",""outcome"":[{""type"":""geolocation"",""latitude"":40.06081,""longitude"":-0.1398823,""altitude"":233.70001,""verticalAccuracy"":62.691,""change"":""none"",""speed"":0.015317176,""timestamp"":""2020-12-09T19:24:05.958Z"",""direction"":322.50006,""horizontalAccuracy"":62.691},{""type"":""geolocation"",""latitude"":40.06068,""longitude"":-0.1397302,""altitude"":233.70001,""verticalAccuracy"":62.109,""change"":""none"",""speed"":0.6853245,""timestamp"":""2020-12-09T19:24:12.949Z"",""direction"":137.82881,""horizontalAccuracy"":62.109},{""type"":""geolocation"",""latitude"":40.060776,""longitude"":-0.139572,""altitude"":233.70001,""verticalAccuracy"":63.968,""change"":""none"",""speed"":0.536368,""timestamp"":""2020-12-09T19:24:31.117Z"",""direction"":58.95547,""horizontalAccuracy"":63.968},{""type"":""geolocation"",""latitude"":40.06103,""longitude"":-0.1396696,""altitude"":231.90001,""verticalAccuracy"":36.85,""change"":""none"",""speed"":1.2932297,""timestamp"":""2020-12-09T19:24:41.107Z"",""direction"":359.1069,""horizontalAccuracy"":36.85},{""type"":""geolocation"",""latitude"":40.06124,""longitude"":-0.1398029,""altitude"":231.8,""verticalAccuracy"":16.672,""change"":""none"",""speed"":1.659557,""timestamp"":""2020-12-09T19:24:52.707Z"",""direction"":345.30582,""horizontalAccuracy"":16.672}]}"
1607541862161,"e2066c7b-7f33-4b19-9291-8e0224bb10a4","task","checkAreaOfInterestProximity","OK","{""took"":11,""emitted"":""checkAreaOfInterestProximityFinished"",""invokedBy"":""geolocationAcquired"",""outcome"":null}"
1607541895978,"c896b5c9-3204-48ca-930d-ebae36e52de4","task","checkAreaOfInterestProximity","OK","{""took"":48,""emitted"":""checkAreaOfInterestProximityFinished"",""invokedBy"":""geolocationAcquired"",""outcome"":null}"
1607541904912,"10ca098e-9405-4583-8d6f-abd2b848650f","task","acquireMultiplePhoneGeolocation","OK","{""took"":50064,""emitted"":""geolocationAcquired"",""invokedBy"":""taskExecutionStarted"",""outcome"":[{""type"":""geolocation"",""latitude"":40.06129,""longitude"":-0.1398078,""altitude"":231.90001,""verticalAccuracy"":20.704,""change"":""none"",""speed"":0.8916044,""timestamp"":""2020-12-09T19:25:05.995Z"",""direction"":348.24667,""horizontalAccuracy"":20.704},{""type"":""geolocation"",""latitude"":40.061275,""longitude"":-0.139788,""altitude"":231.90001,""verticalAccuracy"":23.445,""change"":""none"",""speed"":0.41106874,""timestamp"":""2020-12-09T19:25:14.088Z"",""direction"":357.82632,""horizontalAccuracy"":23.445},{""type"":""geolocation"",""latitude"":40.06128,""longitude"":-0.1397697,""altitude"":231.90001,""verticalAccuracy"":27.729,""change"":""none"",""speed"":0.28634712,""timestamp"":""2020-12-09T19:25:21.137Z"",""direction"":13.866285,""horizontalAccuracy"":27.729},{""type"":""geolocation"",""latitude"":40.061268,""longitude"":-0.1396962,""altitude"":231.90001,""verticalAccuracy"":42.61,""change"":""none"",""speed"":0.3189343,""timestamp"":""2020-12-09T19:25:31.217Z"",""direction"":71.81699,""horizontalAccuracy"":42.61},{""type"":""geolocation"",""latitude"":40.061127,""longitude"":-0.1391611,""altitude"":233.5,""verticalAccuracy"":38.992,""change"":""none"",""speed"":1.7080295,""timestamp"":""2020-12-09T19:25:46.056Z"",""direction"":105.45809,""horizontalAccuracy"":38.992}]}"
1607541956273,"95e2938d-f81b-424f-94f8-0ac6ef3ee1b1","task","checkAreaOfInterestProximity","OK","{""took"":49,""emitted"":""checkAreaOfInterestProximityFinished"",""invokedBy"":""geolocationAcquired"",""outcome"":null}"
1607541965106,"4e7431b2-c715-4abb-88b6-91c00f1b9d91","task","acquirePhoneGeolocation","OK","{""took"":11187,""emitted"":""geolocationAcquired"",""invokedBy"":""taskExecutionStarted"",""outcome"":{""type"":""geolocation"",""latitude"":40.061157,""longitude"":-0.138884,""altitude"":233.6,""verticalAccuracy"":25.778,""change"":""none"",""speed"":0,""timestamp"":""2020-12-09T19:26:06.188Z"",""direction"":0,""horizontalAccuracy"":25.778}}"
1607541965115,"2274d0cc-9432-4f54-8171-fbc05df639a1","task","acquireMultiplePhoneGeolocation","OK","{""took"":50048,""emitted"":""geolocationAcquired"",""invokedBy"":""taskExecutionStarted"",""outcome"":[{""type"":""geolocation"",""latitude"":40.061157,""longitude"":-0.138884,""altitude"":233.6,""verticalAccuracy"":25.778,""change"":""none"",""speed"":0,""timestamp"":""2020-12-09T19:26:06.188Z"",""direction"":0,""horizontalAccuracy"":25.778},{""type"":""geolocation"",""latitude"":40.061127,""longitude"":-0.1388,""altitude"":234.1,""verticalAccuracy"":24.157,""change"":""none"",""speed"":0.028589025,""timestamp"":""2020-12-09T19:26:16.264Z"",""direction"":114.17509,""horizontalAccuracy"":24.157},{""type"":""geolocation"",""latitude"":40.061188,""longitude"":-0.1387123,""altitude"":233.6,""verticalAccuracy"":36.788,""change"":""none"",""speed"":0.040952556,""timestamp"":""2020-12-09T19:26:26.289Z"",""direction"":48.029686,""horizontalAccuracy"":36.788},{""type"":""geolocation"",""latitude"":40.06193,""longitude"":-0.1386358,""altitude"":233.6,""verticalAccuracy"":19.011,""change"":""none"",""speed"":5.3969474,""timestamp"":""2020-12-09T19:26:36.268Z"",""direction"":4.5994425,""horizontalAccuracy"":19.011},{""type"":""geolocation"",""latitude"":40.062103,""longitude"":-0.1385453,""altitude"":229.90001,""verticalAccuracy"":23.862,""change"":""none"",""speed"":3.0485861,""timestamp"":""2020-12-09T19:26:46.150Z"",""direction"":12.771321,""horizontalAccuracy"":23.862}]}"
1607541977356,"426b0efe-52ac-42c7-ac29-38b3b5832cdc","task","checkAreaOfInterestProximity","OK","{""took"":12,""emitted"":""checkAreaOfInterestProximityFinished"",""invokedBy"":""geolocationAcquired"",""outcome"":null}"
1607542017708,"52424851-3f8c-41f2-93b8-a32e9ebfe81d","task","checkAreaOfInterestProximity","OK","{""took"":71,""emitted"":""movedAwayFromAreaOfInterest"",""invokedBy"":""geolocationAcquired"",""outcome"":[{""type"":""aoi-proximity-change"",""change"":""end"",""timestamp"":""2020-12-09T19:26:57.779Z"",""proximity"":""nearby"",""aoi"":{""name"":""Plaza del alcalde Andreu"",""latitude"":40.05989,""longitude"":-0.13769656,""radius"":30,""level"":null,""id"":""plaza-alcalde"",""category"":null}}]}"
1607542085149,"262c6d2a-ab7a-43ea-a38e-34dcc511f14a","task","acquirePhoneGeolocation","OK","{""took"":16166,""emitted"":""geolocationAcquired"",""invokedBy"":""taskExecutionStarted"",""outcome"":{""type"":""geolocation"",""latitude"":40.062435,""longitude"":-0.1381246,""altitude"":229.90001,""verticalAccuracy"":22.07,""change"":""none"",""speed"":1.8965542,""timestamp"":""2020-12-09T19:28:21.227Z"",""direction"":67.07852,""horizontalAccuracy"":22.07}}"
1607542102398,"7a7d8112-a7e2-4250-94a2-1d87f309a436","task","checkAreaOfInterestProximity","OK","{""took"":17,""emitted"":""checkAreaOfInterestProximityFinished"",""invokedBy"":""geolocationAcquired"",""outcome"":null}"
1607542205163,"e13f1dfc-c440-45f4-a67a-8f9744d73b18","task","acquirePhoneGeolocation","OK","{""took"":16059,""emitted"":""geolocationAcquired"",""invokedBy"":""taskExecutionStarted"",""outcome"":{""type"":""geolocation"",""latitude"":40.062378,""longitude"":-0.1375848,""altitude"":231.20001,""verticalAccuracy"":24.566,""change"":""none"",""speed"":0.022524847,""timestamp"":""2020-12-09T19:30:11.084Z"",""direction"":232.728,""horizontalAccuracy"":24.566}}"
1607542222284,"5edcb302-e303-4cfa-8348-78cf43bf128a","task","checkAreaOfInterestProximity","OK","{""took"":16,""emitted"":""checkAreaOfInterestProximityFinished"",""invokedBy"":""geolocationAcquired"",""outcome"":null}"